"","Group","PB","M0","F.dredge.o","F.dredge.sc","F.gillnet","F.longline","F.midwater","F.other","F.otter","F.pot","F.seine","M2.AmLob","M2.AtlHal","M2.AtlHer","M2.AtlMack","M2.AtlScal","M2.Bact","M2.BalWhale","M2.Blu","M2.BSB","M2.But","M2.Clams","M2.Cod","M2.Dolphins","M2.GelZoo","M2.Goose","M2.Had","M2.Illex","M2.LgPels","M2.LgSkates","M2.Loligo","M2.Macroben","M2.Megaben","M2.MesoPels","M2.Micronekton","M2.Microzoop","M2.OffHake","M2.OthDem","M2.OthFlats","M2.OthPels","M2.OthShrimp","M2.OthSquid","M2.Pol","M2.Pout","M2.Rays","M2.Red","M2.RedCrab","M2.RedHake","M2.RivHer","M2.Scup","M2.Seabirds","M2.Seals","M2.Shad","M2.Sharks","M2.SilHake","M2.SmDog","M2.SmFlats","M2.SmPels","M2.SmSkates","M2.SpDog","M2.StrBass","M2.SumFl","M2.ToothWhale","M2.Weak","M2.WhHake","M2.WinFl","M2.YTFl","M2.Zoop","M2.SmPP","M2.LgPP"
"1","AmLob",1.5,0.627666102331333,0,0.000229456666666667,0.00140711333333333,0,5.54168333333333e-06,0.063166,0.0853435,0.559731666666667,0,0,0,0,0,0,0,0,0,2.91228186666667e-05,0,0,0.00902601,0,0,0,0.02107482,0,0,0,0,0,0,0,0,0,0,0.0921053,0,0,0,0,0,0,0,0.000351247,0,0,0,0,0,0,0,0,0,0,0,0,0.01448052,0.0253835995,0,0,0,0,0,0,0,0,NA,NA
"2","AtlHal",0.19,0.0697693290125,0,0.0047492805,0.0027489175,0.024661875,3.230225e-05,0.000882015,0.0871444625,1.18182375e-05,0,0,0,0,0,0,0,0,0,0,0,0,0,0,0,0,0,0,0,0,0,0,0,0,0,0,0,0,0,0,0,0,0,0,0,0,0,0,0,0,0,0,0,0,0,0,0,0,0,0,0,0,0,0,0,0,0,0,NA,NA
"3","AtlHer",0.32,0.0539410031187912,0,3.64077714285714e-07,5.602368e-06,0,0.0138412068571429,3.20038285714286e-08,0.000910639428571429,3.16249714285714e-06,0.000130513137142857,0,0.000125714285714286,0.0012,0,0,0,2.05714285714286e-06,0.000237142857142857,7.82841581714286e-07,0,0,0.00327665495314286,9.14285714285714e-06,0.214056116540878,0.000822857142857143,0,3e-04,0.000192,0.00169827457371429,6e-04,0,0,0,0,0,4.8e-06,0.0024758544,0,3e-05,0,0.001,0,0,8.57142857142857e-07,0,0,0.000120160224,0,0,2.56e-05,0.000365714285714286,0,0.000102142857142857,0.0096,0,0.01,0,0.000116222742857143,0.00379428571428571,0.000409070294914286,0,1.37142857142857e-05,4.38857142857143e-06,0.000583922797714286,0,0,0,NA,NA
"4","AtlMack",0.32,0.264344223566474,0,5.2058e-06,7.56435333333333e-05,8.4527e-07,0.000821096666666667,0.000328151666666667,0.000648230666666667,0,1.17595666666667e-06,0,0,0,0,0,0,8e-06,0.000269657316666667,1.05901138666667e-06,0,0,0.00499695228,4.26666666666667e-05,0,0.004,0.0039952824,0.00175,0.00112,0.00162051912,0.0035,0,0,0,0,0,4.1022528e-06,0.003349283,0,0,0,0.00583333333333333,0.00280545368,0,0,6.658804e-05,0,0.00030040056,0,0,0.000112,0.00103333333333333,0,0.00055,0.0082045056,2.30555560166667e-05,0,0,0,0.00820574658333333,0,0,6.4e-05,0,0.00191948814,0,0,0,NA,NA
"5","AtlScal",1.3,-0.035005732860441,0.000708663333333333,0.430905703333333,0.00022459,9.80096666666667e-05,2.30730666666667e-07,1.85568e-05,0.000804263333333333,0,0,0,2.93333333333333e-05,0,0,0,0,0,0,0,0,0,0.00084788604,0,0,0.00128,6.73734e-05,0,0,0,0,0.186666666666667,0.666666666666667,0,0,0,0,0,0,0,0,0,0,0,4e-06,1.12289e-06,0,0,0,0,0,0,0,0,0,0,0.0466666666666667,0,0,0,0,0,0,1.6e-05,0,0,0,0,NA,NA
"6","Bact",35,7,0,0,0,0,0,0,0,0,0,0.00128644051549072,0,0,0,0.139364389178161,0,0,0,0,0,0.157231618559977,0,0,0.133860640718578,0,0,0,0,0,0,7.00395391767169,0.929095927854408,0,0,10.8297861719626,0,0,0,0,0.228700536087239,0,0,0,0,0,0.000450254180421752,0,0,0,0,0,0,0,0,0,0,0,0,0,0,0,0,0,0,0,0,8.57627010327146,NA,NA
"7","BalWhale",0.04,-0.00583333335413652,0,0,0,0,0,0,0,0,0,0,0,0,0,0,0,0,0,0,0,0,0,0,0,0,0,0,0,0,0,0,0,0,0,0,0,0,0,0,0,0,0,0,0,0,0,0,0,0,0,0,0,0.0458333333333333,0,0,0,0,0,0,0,0,0,0,0,0,0,0,NA,NA
"8","Blu",0.15,0.0517400410048231,0,0.002426284,0.04190055,0.000809425,0,0.0057034,0.0474203,0,0,0,0,0,0,0,0,0,0,0,0,0,0,0,0,0,0,0,0,0,0,0,0,0,0,0,0,0,0,0,0,0,0,0,0,0,0,0,0,0,0,0,0,0,0,0,0,0,0,0,0,0,0,0,0,0,0,0,NA,NA
"9","BSB",0.15,-0.0260692279130677,1.00184e-07,0.00919975,0.002575145,0.00109566,0.00392242,0.02682315,0.0332592,0.0146696375,0.0001491652,0,0,0,0,0,0,0,0,0,0,0,0,0,0,0,0,0,0,0,0,0,0,0,0,0,0,0,0,0,0,0,0,0,0,0,0,0,0,0,0,0.05,0,0.034375,0,0,0,0,0,0,0,0,0,0,0,0,0,0,NA,NA
"10","But",0.95,0.683392200759208,0,1.70414e-05,1.688495e-05,1.049655e-07,0.00212173,0.0004267785,0.0658818,1.53823e-07,2.01671e-05,0,0,0,0,0,0,0,0.009533008824,1.0484228e-06,0,0,0.000974376,4.84e-05,0,0,0,0,0,0.0137568024,0,0,0,0,0,0,3.5007036e-05,0.003315795,0.000887698,0,0,0,0.070177068,0,0,0,0,0,0,0,0.00014,5e-04,0,0.00034375,0.070014072,0,0,0,0,0.0189823407,0,0.00934177212,7.2e-05,0,0,0,0,0,NA,NA
"11","Clams",0.04,-0.0261853693809087,0.00223806309090909,0,0,0,0,0,0,0,0,0,8e-07,0,0,0,0,0,0,6.56454545454545e-10,0,0,0.000136697131636364,0,0,0,1.00809981818182e-05,0,0,5.94063818181818e-06,0,0.0254545454545455,0.0363636363636364,0,0,0,0,2.07613636363636e-06,0,0,0,0,0,4.777704e-05,1.63636363636364e-07,1.68016636363636e-07,0,0,0,0,0,0,0,0,0,0,0.00190909090909091,0,0,1.31588652727273e-05,0,0,0,5.23636363636364e-07,0,0,2.64680727272727e-06,0,NA,NA
"12","Cod",0.3,0.0691682643213742,1.90751111111111e-06,0.00163987622222222,0.0417814111111111,0.0465795222222222,4.77056666666667e-05,0.0281842111111111,0.0976441111111111,0.00234986188888889,0.00021328,0,0,0,0,0,0,0,0,1.32960097777778e-06,0,0,0,1.07555555555556e-05,0,0.00567375893333333,0,0,0,0,0,0,0,0,0,0,0,0.00420506333333333,0,0,0,0,0,0,0,0,0,0,0,0,0,0.000333333333333333,0,7.63888888888889e-05,0,0,0,0,0,0.00207321918888889,0,0,1.6e-05,0,0,0,0,0,NA,NA
"13","Dolphins",0.04,-0.0287500000299203,0,0,0,0,0,0,0,0,0,0,0,0,0,0,0,0,0,0,0,0,0,0,0,0,0,0,0,0,0,0,0,0,0,0,0,0,0,0,0,0,0,0,0,0,0,0,0,0,0,0,0,0.06875,0,0,0,0,0,0,0,0,0,0,0,0,0,0,NA,NA
"14","GelZoo",40,8,0,0,0,0,0,0,0,0,0,0,6.26448990396545e-06,0.448480527215708,0.0512549173960809,0,0,8.54248623268015e-07,0,1.53154420021872e-07,0.242037109925938,0,0.00580756091481552,1.70849724653603e-06,2.66666666666667,0,0.0612158057310729,0,0.00239189614515044,0.000708936234082698,0,0,0,0.0561501118483688,0,0,0,0.000484373918743872,0.00929909224506185,0.0112120131803927,0,0,0.0142401150881154,0.00044047194637257,1.06781077908502e-06,0.00102026342885121,0,0.00211391270875665,0,0,0,0,0,0,0,0,0.0124577924226586,0.0914046026896776,0.00115116323425177,0.26588488399217,0,0,2.56274586980405e-06,6.83398898614412e-06,3.4160889895314e-05,0.120498091033139,0.0295710594532935,27.9054550267552,NA,NA
"15","Goose",0.35,0.274648756613991,0,0,0,0,0,0,0,0,0,0,0,0,0,0,0,0,0,8.959186e-06,0,0,0,0,0,0.0218844984,0,0,0,0.0066192444,0,0,0,0,0,0,0,0.028334775,0,0,0,0,0,0,0,0,0,0,0,0,0,0,0,0,0,0,0,0,0.007733454,0.0107703124,0,0,0,0,0,0,0,0,NA,NA
"16","Had",0.3,0.216562910855232,0,9.63125613333333e-05,0.00158525273333333,0.01337664,9.5973994e-06,0.0381049933333333,0.02332848,0,1.72034666666667e-05,0,0.000293333333333333,0,0,0,0,0,7.47747774666667e-05,1.2807066e-06,0,0,0.00237024,6.45333333333333e-06,0,0,0,0,0,0,0,0,0,0,0,0,0,0.0040504275,0,0,0,0,0,0,0,0,0,0,0,0,0,6.66666666666667e-05,0,4.58333333333333e-05,0,0,0,0,0,0,0,0,9.6e-06,0,0,0,0,0,NA,NA
"17","Illex",1,0.212050853325831,0,0.0001026877,0,1.49634666666667e-06,0.000211492666666667,0,0.0480201666666667,7.23693333333333e-06,0,0,0.00088,0,0,0,0,1.2e-05,0.00333024690333333,7.97885086666667e-06,0,0,0,0.000213333333333333,0.624330339910894,0.0300375472,0,0,0.0032,0,0,0,0,0,0,0,1.3727464e-05,0.0252343175,0,0,0,0,0,0,1e-06,0,0,0,0,0,0.000214666666666667,0,0,0.00229166666666667,0.027454928,0,0.0116666666666667,0,0.002198808,0.0061156392,0,0.00208,0.00032,3.2e-06,0,0,0,0,NA,NA
"18","LgPels",0.686,0.217547172250922,0,2.311525e-05,0.0004487475,0.02799395,0,0.2539855,0.000122043,9.7472e-05,0.178907,0,0,0,0,0,0,0,0,0,0,0,0,0,0,0,0,0,0,0,0,0,0,0,0,0,0,0,0,0,0,0,0,0,0,0,0,0,0,0,0,0,0,0.006875,0,0,0,0,0,0,0,0,0,0,0,0,0,0,NA,NA
"19","LgSkates",0.35,0.234113544099977,1.14093333333333e-06,0.0148193433333333,0.00726171111111111,0.000482215555555556,8.18963333333333e-06,5.36975555555556e-05,0.0929073,0,0.000138602222222222,0,0,0,0,0,0,0,0,0,0,0,0,1.07555555555556e-05,0,0,0,0,0,0,0,0,0,0,0,0,0,0,0,0,0,0,0,0,0,0,0,0,0,0,0,0.000111111111111111,0,7.63888888888889e-05,0,0,0,0,0,0,0,0,1.6e-05,0,0,0,0,0,NA,NA
"20","Loligo",1,0.340772287070234,0,0.000161546,1.153655e-06,1.84585e-06,0.00866738333333333,0.00174601666666667,0.0583498333333333,6.46045e-05,1.27743666666667e-06,0,0.00044,0,0,0,0,6e-06,0.006010912705,2.10579881e-05,0,0,0.0089095536,0.000106666666666667,0.312165169955447,0.0109127752,0,0,0.0016,0.0177142428,0,0,0,0,0,0,2.6090502e-05,0.06659905875,0.00748616866666667,0,0,0,0.0211764704,0,5e-07,0,0,0.0056074764,0,0,0.000107333333333333,0,0,0.00114583333333333,0.052181004,0,0.00583333333333333,0,0.010152062,0.0460245886833333,0,0.01584615384,0.00016,1.6e-06,0,0,0,0,NA,NA
"21","Macroben",2,-0.133768229406773,0,0,1.5574375e-08,0,5.761325e-12,2.1786375e-07,9.75105e-07,0,0,0.0020625,2.024e-05,0.007875,0.00225,0,0,1.5e-06,0,2.075e-06,0,0,0.00378,0,0,0,0.00675,0.00196875,0,0.004543700994,0.0039375,0.7,1.3,0.000197191228591838,0,0,7.5e-07,0.0065625,0.00175,0.000196875,0.03,0.0065625,9.1764705e-05,0.0032625,2.4375e-06,0.0001125,0.000721875,0.00135,0.000184354910359665,5e-05,0,0,1.5073072125e-05,3.4375e-06,0.0015,2.2455743375e-07,0.0284375,0.000535,0.0036,0.000420625127875,0,1.5e-05,0,7.92e-06,0.000225,0.00217288836,0.0025978379025,0.01,NA,NA
"22","Megaben",1.5,0.500906257528951,5.258475e-07,3.490375e-08,1.13026e-07,0,0,8.279075e-05,1.2073325e-06,0.00032884475,0,0.00135,2.2e-06,0.002625,9e-05,0,0,0,0,1.68574245e-05,0,0,0.0096417,0,0,0.000331914894,0.00354665925,0,0,0.00339693723,0,0.14,0.75,0,0,0,1.5e-06,0.0525,0.0022086454775,6.5625e-05,0,0,0.00019527321,0.00346296173625,3.75e-07,5.91109875e-05,0.0004725,0.00580718142,0,4e-04,0,0,0,0,0.003,9.3375e-05,0.004375,0,0.00908344374,0.00231191712975,0,3.77215188e-05,0,9.6e-07,0.000675183393,0.002138566995,0.000789616455,0,NA,NA
"23","MesoPels",0.95,0.19,0,1.64342175096159e-05,8.52211672226592e-07,0,0,3.18979177129265e-09,6.90565177801065e-06,0,0,0,0,0,0,0,0,0,0,2.60437666755793e-05,0,0,0.00062793264631612,0,0,0,0,0.105386279848251,0,0,0.210772559696503,0,0,0,0,0,0,0.0823673343655371,0.000803812069711369,0,0,0.351287599494172,0,0,0,0,0,0.000299500339958044,0,0,0,0,0,0,0,0,0,0,0.00835575895929175,4.89835428734673e-05,0,0,0,0,0,0,0,0,NA,NA
"24","Micronekton",4,1.24271666868545,0,0,0,0,0,0,0,0,0,0,8.38095238095238e-06,0.65,0.108,0,0,1.71428571428571e-05,0,1.34380952380952e-05,0.00647619047619048,0,0.00514285714285714,9.52380952380952e-07,1.07028058270439,0,0.0460414423714286,0.024,0,0.0149142857142857,0.048,0,0,0.00300481872139944,0.386666666666667,0,2.57142857142857e-05,0.0425,0.0116666666666667,0.01625,0.104761904761905,0.08,0.00502857142857143,0.00224888620714286,8.57142857142857e-07,0.000767357372857143,0,0.0123428571428571,0.00210691326125331,0,1.6e-05,7.61904761904762e-05,4.58317178571429e-06,0,0.0514285714285714,0,0.01,0.0101904761904762,0.0191024897142857,0.00180475646619048,0,0.000114285714285714,1.42857142857143e-06,1.6e-06,0.00214285714285714,0.00803369168571428,0.0140999144,0,NA,NA
"25","Microzoop",10,2,0,0,0,0,0,0,0,0,0,0,0,0,0,0.107238489419551,0,2.30975207980572e-07,0,0,0,0.120987013704109,0,0,0.257508625195535,0,0,0,0,0,0,0,0,0.00173509657279788,0,0.0333333333333333,0,0,0,0,0,0,0,0,0,0,0,0,0,0,0,0,0,0,0,0,0,0,0,0,0,0,0,0,0,0,0,7.47919721079946,NA,NA
"26","OffHake",0.35,0.129169999962308,0,0,0,0,0,0,0,0,0,0,0,0,0,0,0,0,0,0,0,0,0,0.00968,0,0,0,0,0,0,0,0,0,0,0,0,0,0,0,0,0,0,0,0,0,0,0,0,0,0,0.028,0.1,0,0.06875,0,0,0,0,0,0,0,0,0.0144,0,0,0,0,0,NA,NA
"27","OthDem",0.35,0.128075744948833,7.58846666666667e-07,0.00156996964222222,0.000400166222222222,0.000975562222222222,7.97902222222222e-07,0.000622362222222222,0.0034622,0.000667641711111111,9.519664e-06,0,5.86666666666667e-05,0,0,0,0,0,0.000189387680977778,2.13210045866667e-05,0,0,0.0061148748,0,0,0.0133333333333333,2.592e-05,0.00933333333333333,0,0.01039548672,0.0186666666666667,0,0,0,0,0,2.3239416e-06,0.067430888,0.00125283682222222,0,0,0.0311111111111111,0.000533333333333333,0,2.66666666666667e-06,4.32e-07,0,0.00126674352,0,0,0,0.000177777777777778,0,9.16666666666667e-05,0.0046478832,5.53333333333333e-05,0.0311111111111111,0,0.0052292928,0.00992401931555555,0,0,0,5.33333333333333e-06,0.00243988268,0,0.0007936508,0,NA,NA
"28","OthFlats",0.35,0.0953154020785452,3.82188333333333e-06,0.023447779,0.000330829333333333,1.91511666666667e-05,0.000114268,0.00304736666666667,0.116525233333333,9.66060666666667e-06,0.000153947083333333,0,7.33333333333334e-05,0,0,0,0,0,0,2.55533981333333e-05,0,0,0.0142244388,0,0,0,0,0,0,0.003114702,0,0,0,0,0,0,0,0.08081647,0.000595795666666667,0,0,0,0,0,0,0,0,0,0,0,0,0.000166666666666667,0,0.000114583333333333,0,0,0,0,0.000680016,0.01122098165,0,0,0,0,0,0,0,0,NA,NA
"29","OthPels",0.45,0.134877802215208,0,2.18193714285714e-05,0.200489186228571,0.000166346285714286,1.01130285714286e-08,0.000239862857142857,0.000927740857142857,5.86897142857143e-06,0,0,0,0,0,0,0,0,0,1.18586842857143e-05,0,0,0.00308571428571429,2.28571428571429e-06,0,0.00257464662857143,0,0,0,0.00308571428571429,0,0,0,0,0,0,2.89793588571429e-05,0.037504875,0,0,0,0,0.000685714285714286,0,0,0,0,0,0,0,8e-06,5.71428571428571e-05,0,0.00589285714285714,0.0579587177142857,0,0,0,0,0.00237142857142857,0,0,3.42857142857143e-06,0,0,0,0,0,NA,NA
"30","OthShrimp",1.5,0.630015879545728,5.9185e-10,0,0,0,0,0,9.678e-05,0,1.9381375e-07,0,0.00033,0.1575,0.045,0,0,0,0,3.843161948e-05,0.017,0,0.00735769953,0,0,0,0.00800988345,0.02625,0,0.0103603779,0.0525,0,0,0.0197191228591838,0,0,6e-05,0.1215457845,0.035,0.0039375,0.075,0.0875,0.0002153709,3.15126e-05,1.5e-06,0.0001334980575,0,0.02068945974,0,0.003,4.2e-05,0,0,0,0.12,0,0.0175,0,0.0212381337,0.0041460672525,0,3e-04,0,1.2e-06,0.01129037634,2.31975e-05,0.0041660301,0,NA,NA
"31","OthSquid",1,0.174665732110908,0,0,6.40363e-11,0,0,4.75563e-09,9.60754e-05,1.29209e-07,7.35569e-06,0,0.000176,0,0.036,0,0,4.8e-06,0.0014426190492,1.231187638e-05,0,0,0.00984791304,7.2e-05,0.187299101973268,0.02376,0,0.063,0.00096,0.00701880552,0.126,0,0,0,0,0,2.51753604e-05,0.03893816325,0.0142849525,0,0,0.21,0.00777152304,0,3e-07,0,0,0.00604818648,0,0,6.44e-05,0,0,0.0006875,0.0503507208,7.172839665e-05,0.0035,0,0.0055585188,0.02914715731,0,0.001292307696,0.000108,9.6e-07,0.00178755768,0,0,0,NA,NA
"32","Pol",0.35,0.0825563660846385,0,6.898565e-05,0.083060615,0.00528205,8.2718e-05,0.09272585,0.085255135,3.507255e-06,6.2301e-07,0,0,0,0,0,0,0,0,0,0,0,0,4.84e-05,0,0,0,0,0,0,0,0,0,0,0,0,0,0,0,0,0,0,0,0,0,0,0,0,0,0,0,5e-04,0,0.00034375,0,0,0,0,0,0,0,0,7.2e-05,0,0,0,0,0,NA,NA
"33","Pout",0.45,-0.0267605626688668,0,0.0038047,0.000600646033333333,8.78436666666667e-05,0,1.66895e-06,0.0140587216666667,0.00257096,3.80852566666667e-05,0,0,0,0,0,0,0,0,0.000131499395533333,0,0,0.0036338292,0,0,0,0,0,0,0.00018828,0,0,0,0,0,0,0,0.4158866425,0.00882397833333333,0,0,0,0,0,0,0,0,0,0,0,0,0,0,0,0,0,0,0,0.004359628,0.0206540796666667,0,0.00192,0,0,0,0,0,0,NA,NA
"34","Rays",0.45,-0.39374999999974,0,0,0,0,0,0,0,0,0,0,0,0,0,0,0,0,0,0,0,0,0,0,0,0,0,0,0,0,0,0,0,0,0,0,0,0,0,0,0,0,0,0,0,0,0,0,0,0,0,0.5,0,0.34375,0,0,0,0,0,0,0,0,0,0,0,0,0,0,NA,NA
"35","Red",0.02,0.0050614405822334,0,2.01908e-05,0.000563143333333333,0.000155775666666667,0,0.00134929,0.0122804333333333,7.19552033333333e-06,3.07641e-08,0,0,0,0,0,0,0,0,0,0,0,0,0,0,0,0,0,0,0,0,0,0,0,0,0,0,0,0,0,0,0,0,0,0,0,0,0,0,0,0,0.000333333333333333,0,0.000229166666666667,0,0,0,0,0,0,0,0,0,0,0,0,0,0,NA,NA
"36","RedCrab",1.5,0.472996462666671,0,0.00045197,0.00101051333333333,0,0,0.221072666666667,0.196470920666667,0.607997466666667,0,0,0,0,0,0,0,0,0,0,0,0,0,0,0,0,0,0,0,0,0,0,0,0,0,0,0,0,0,0,0,0,0,0,0,0,0,0,0,0,0,0,0,0,0,0,0,0,0,0,0,0,0,0,0,0,0,0,NA,NA
"37","RedHake",0.35,0.0707864622734666,0,0.00251921666666667,2.384105e-05,2.91808333333333e-05,0,7.73071666666667e-07,0.0510057833333333,0.000261306666666667,0.000249376666666667,0,0.000733333333333334,0,0,0,0,0,0.000624469562333333,3.97363938666667e-05,0,0,0.0051198174,0,0,0.024,0,0,0,0.004113126,0,0,0,0,0,0,1.5044482e-05,0.12567233,0.0127226785,0,0,0,0.011764706,0,0,0,0,0,0,0,0,0.000166666666666667,0,0.000114583333333333,0.030088964,0,0,0,0.004211724,0.00573687976666667,0,0,0,0,0,0,0,0,NA,NA
"38","RivHer",0.42,0.084,0,3.84319570668195e-06,0,0,0,0,0.000922345611344252,0,0,0,0,0,0,0,0,1.13910716883159e-06,0.00186323553977955,9.73416486438556e-06,0,0,0.0362979856297014,2.27821433766319e-05,0.177794791477891,0.0227821433766319,0,0.00498359386363822,0,0.00102519645194843,0.00199343754545529,0,0,0,0,0,1.13910716883159e-05,0.0307857623723037,0.00147990876384973,0,0,0.0166119795454607,0,0,0,0,0,0.00245003908558121,0,0,7.97375018182115e-05,0.00170866075324739,0,0.00026104539285724,0.0227821433766318,0,0,0,0.00073550099498552,0.00787882458441851,0.00348060523461593,0,3.41732150649478e-05,0,0,0,0,0,NA,NA
"39","Scup",0.95,0.707369715765001,0,0.003412827,0.000179835,8.02943e-05,0,0.0022471,0.01633649,2.86127e-05,6.38236e-05,0,0,0,0,0,0,0,0,0,0,0,0,0.000968,0,0,0,0,0,0,0,0,0,0,0,0,0,0,0,0,0,0,0,0,0,0,0,0,0,0,0.0028,0.01,0,0.006875,0,0.000931537635,0,0,0,0.197266764,0,0,0.00144,0,0,0,0,0,NA,NA
"40","Seabirds",0.286,-0.126499999999996,0,0,0,0,0,0,0,0,0,0,0,0,0,0,0,0,0,0,0,0,0,0,0,0,0,0,0,0,0,0,0,0,0,0,0,0,0,0,0,0,0,0,0,0,0,0,0,0,0,0,0,0.4125,0,0,0,0,0,0,0,0,0,0,0,0,0,0,NA,NA
"41","Seals",0.05,0.0396875000000021,0,0,0,0,0,0,0,0,0,0,0,0,0,0,0,0,0,0,0,0,0,0,0,0,0,0,0,0,0,0,0,0,0,0,0,0,0,0,0,0,0,0,0,0,0,0,0,0,0,0,0,0.0103125,0,0,0,0,0,0,0,0,0,0,0,0,0,0,NA,NA
"42","Shad",0.42,0.203985005992621,0,0,0.009212848,3.00074e-08,0,0,0.011462116,0,0,0,0,0,0,0,0,0.00024,0,0,0,0,0,8e-04,0,0,0,0,0,0,0,0,0,0,0,0,0,0,0,0,0,0,0,0,0,0,0,0,0,0,0.0056,0.16,0,0.0275,0,0,0,0,0,0,0,0,0.0012,0,0,0,0,0,NA,NA
"43","Sharks",0.1,0.0147263499999999,0,0.0041012,0.00703154,0.0543764,0,0.00095424,0.002236436,0,7.3834e-05,0,0,0,0,0,0,0,0,0,0,0,0,0,0,0,0,0,0,0,0,0,0,0,0,0,0,0,0,0,0,0,0,0,0,0,0,0,0,0,0,0,0,0.0165,0,0,0,0,0,0,0,0,0,0,0,0,0,0,NA,NA
"44","SilHake",0.35,-0.0392577325059401,0,0.000581795,0.000104552,8.7171e-06,3.36991e-08,4.91922e-07,0.05423135,1.742015e-06,0.000227864,0,0.00022,0.0735,0.036,0,0,0,0,2.846158644e-05,0,0,0.01282265856,4.84e-06,0,0.0114,0.0008386236,0,0,0.00703319058,0,0,0,0,0,0,3.36111984e-05,0.0900140535,0.0090811126,0.0018375,0,0,0.00764797044,0,0,1.397706e-05,0,0.00220350528,0,0,1.4e-05,5e-05,0,3.4375e-05,0.0672223968,0,0,0,0.0023103372,0.005698242575,0,0,7.2e-06,0,0.00519227379,0,0.000892857,0,NA,NA
"45","SmDog",0.2,0.0582138480000042,0,0.001379452,0.0279041,0,0,0,0.0739366,0,0,0,0,0,0,0,0,0,0,0,0,0,0,0.001936,0,0,0,0,0,0,0,0,0,0,0,0,0,0,0,0,0,0,0,0,0,0,0,0,0,0,0,0.02,0,0.01375,0,0,0,0,0,0,0,0,0.00288,0,0,0,0,0,NA,NA
"46","SmFlats",0.35,0.30734944016802,0,0.00037889,1.02719666666667e-05,0,0,0.000340473333333333,6.43580666666667e-06,0,0,0,5.86666666666667e-05,0,0,0,0,0,0,6.28921931333333e-06,0,0,0.0014250996,0,0,0.0024,0,0,0,0.0015030126,0,0,0,0,0,0,1.464796e-06,0.01989060325,0.00220105223333333,0,0,0,0.004,0,0,0,0,0.00030619536,0,0,0,0,0,0,0.002929592,0,0,0,0.0014703392,0.0035448968,0,0.0004742616,0,0,0.0017030154,0,0,0,NA,NA
"47","SmPels",1.5,-0.716383688156954,0.0001611775,0.0731371875,0.013164155,0.00013799625,5.7509375e-05,0.002080825,0.1223456625,8.8112875e-06,3.1196375e-05,0,0.00088,0.18375,0.18,0,0,1.5e-05,0.000480324071,4.6968374075e-05,0,0,0.03097674495,0.000205,0.936495509866341,0,0.0225,0.0196875,0.0438,0.1215,0.0525,0,0,0,0,0,4.5e-05,0.1485445565625,0.01351342125,0.00459375,0,0.065625,0.024,0,7.5e-07,0.000508475325,0,0.0130605165,0,0,0.00084,0.00385,0,0.000859375,0.09,0,0.00875,0,0.0139531215,0.02075,0.00021825397,0.003,0.0003075,2.4e-06,0,0,0,0,NA,NA
"48","SmSkates",0.35,0.00220258993359999,1.1722e-06,0.151967511,0.00350496,0.000242223,3.36793e-06,0.000242563,0.16172087,3.25227e-05,7.05176e-05,0,0,0,0,0,0,0,0,5.5834764e-06,0,0,0.000102384,0,0,0.0096,0,0,0,0.00071282376,0,0,0,0,0,0,0,0.017658585,0.0014432047,0,0,0,0,0,0,0,0,0,0,0,0,1e-04,0,6.875e-05,0,0,0,0,0,0.0003203717,0,0,0,0,0,0,0,0,NA,NA
"49","SpDog",0.2,0.0765976451490007,3.40151e-07,0.00075184,0.05295688,0.02382342,0,0.000317789,0.04156568,2.87432e-05,0.0001648325,0,0,0,0,0,0,0,0,0,0,0,0,9.68e-06,0,0.0036,0,0,0,0,0,0,0,0,0,0,0,0,0,0,0,0,0,0,0,0,0,0,0,0,0,1e-04,0,6.875e-05,0,0,0,0,0,0,0,0,1.44e-05,0,0,0,0,0,NA,NA
"50","StrBass",0.15,0.050845337200004,0,0.003100425,0.00333109,0,0,4.96593e-05,0.0842359885,0,0,0,0,0,0,0,0,0,0,0,0,0,0,0,0,0,0,0,0,0,0,0,0,0,0,0,0,0,0,0,0,0,0,0,0,0,0,0,0,0,0,0.005,0,0.0034375,0,0,0,0,0,0,0,0,0,0,0,0,0,0,NA,NA
"51","SumFl",0.35,0.0630974735500313,6.9423e-06,0.0309470085,0.000806785,0.000168759,0,0.00247141,0.2436875,3.233665e-05,0.000344285,0,0,0,0,0,0,0,0,0,0,0,0,0,0,0,0,0,0,0,0,0,0,0,0,0,0,0,0,0,0,0,0,0,0,0,0,0,0,0,0,0.005,0,0.0034375,0,0,0,0,0,0,0,0,0,0,0,0,0,0,NA,NA
"52","ToothWhale",0.04,-0.00623333323441723,0,0,0,0,0,0,0,0,0,0,0,0,0,0,0,0,0,0,0,0,0,0,0,0,0,0,0,0,0,0,0,0,0,0,0,0,0,0,0,0,0,0,0,0,0,0,0,0,0,0,0,0.0458333333333333,0,0,0,0,0,0,0,0,4e-04,0,0,0,0,0,NA,NA
"53","Weak",0.35,0.0332907156461936,0,0.0692805,0.01622325,4.18545e-08,0,0.00012733,0.0201406625,0,0,0,0,0,0,0,0,0,0,0,0,0,0,0,0,0,0,0,0,0,0,0,0,0,0,0,0,0,0,0,0,0,0,0,0,0,0,0,0,0,0,0.125,0,0.0859375,0,0,0,0,0,0,0,0,0,0,0,0,0,0,NA,NA
"54","WhHake",0.25,0.0950298578117003,0,0.0038792343,0.0172312385,0.0310461,1.26961e-05,0.00129487,0.059437,0.00036922055,0.0002503385,0,0,0,0,0,0,0,0,7.4168883e-06,0,0,0.0093461526,0,0,0,0,0,0,0,0,0,0,0,0,0,0,0.02345702625,0.0077950985,0,0,0,0,0,0,0,0,0,0,0,0,5e-04,0,0.00034375,0,0,0,0,0,0,0,0,0,0,0,0,0,0,NA,NA
"55","WinFl",0.35,0.196257838616707,1.223798e-05,0.01715195,0.0025012826,6.55714e-05,2.27962e-05,0.0043284,0.128920218,5.7116033e-06,0.0002040736,0,0,0,0,0,0,0,0,0,0,0,0,0,0,0,0,0,0,0,0,0,0,0,0,0,0,0,2.73e-05,0,0,0,0,0,0,0,0,0,0,0,0,2e-04,0,0.0001375,0,0,0,0,0.00016512,0,0,0,0,0,0,0,0,0,NA,NA
"56","YTFl",0.45,0.1874934171266,1.640836e-05,0.0443759,0.0006698384,4.8195e-06,8.48228e-05,0.05832006,0.09092702,0,0.00021286072,0,0,0,0,0,0,0,0,1.30633534e-05,0,0,0.000593406,0,0,0.0103584,0,0,0,2.808e-06,0,0,0,0,0,0,0,0.0413148225,4.172e-06,0,0,0,0,0,0,0,0,0,0,0,0,2e-04,0,0.0001375,0,0,0,0,0.0008355072,0.00979001268,0,0,0,0,0.00464516136,0,0,0,NA,NA
"57","Zoop",6,-4.38058311946999,0,0,0,0,0,0,0,0,0,0,0,0.126,0.01611,0,0,1.56e-05,0,8.73684145e-08,0.0034,0,3.245184e-06,0,2.99678563157229,0,9e-05,0.0023625,0,5.4526986e-05,0.004725,1.68,0,0.0299730667459594,5.194,0,1.3452915e-07,0.00027631576875,4.3847475e-06,0.00315,0,0.007875,0,0,0,1.9203915e-06,0,0,0.0350274329683363,0,2.1e-06,0,0.0001544501780625,1.03125e-05,0.0002690583,0,0,0.08025,4.202823e-05,0,0,0,0,0,0,0,3.24e-07,0.2,NA,NA
"58","SmPP",110,-131.665403626737,0,0,0,0,0,0,0,0,0,0,0,0,0,2.925,48.9723382009376,0,0,0,0,3.3,0,0,0.936495509866341,0,0,0,0,0,0,28,0,0.0394382457183677,15.96,121.225131670215,0,0,0,0,0.2,0,0,0,0,0,0,0,0,0,0,0,0,0,0,0,0,0.107,0,0,0,0,0,0,0,0,0,20,NA,NA
"59","LgPP",150,130.249465167001,0,0,0,0,0,0,0,0,0,0,0,0,0,0.195,3.26482254672917,0,0,0,0,0.22,0,0,0.0624330339910894,0,0,0,0,0,0,1.86666666666667,0,0,0,10.1020943058512,0,0,0,0,0.0233333333333333,0,0,0,0,0,0,0,0.00049161309429244,0,0,0,0,0,0,0,0,0.0156933333333333,0,0,0,0,0,0,0,0,0,4,NA,NA
"60","Detritus",NA,2360.30299772402,NA,NA,NA,NA,NA,NA,NA,NA,NA,0.0018,0,0,0,0,88.1502087616877,0,0,0,0,0,0,0,0.955225420063668,0,0,0,0,0,0,11.2,1.6,0,3.22,18.1837697505322,0,0,0,0,0.4,0,0,0,3e-07,0,0.00126,0,0,0,0,0,0,6.875e-05,0,0,0.0035,0,0,0,0,0,0,9.6e-07,0,0,0,4,NA,NA
"61","Discards",NA,346.533047254526,NA,NA,NA,NA,NA,NA,NA,NA,NA,0.0027,0,0,0,0,88.1502087616877,0,0,0,0,0,0,0,0.955225420063668,0,0,0,0,0,0,1.12,1.8,0,0,18.1837697505322,0,0,0,0,0.36,0,0,0,3e-07,0,0.000315,0,0,0,3.36e-05,0,0,0,0,0,0.0035,0,0,0,0,0,0,1.92e-06,0,0,0,4,NA,NA
