Group,Type,Biomass,PB,QB,EE,ProdCons,BioAcc,Unassim,DetInput,Discards,Offal,Pelagic Detritus,Benthic Detritus,Outside Detritus,Halibut HookLine,Crab Pots,Herring Fleet,Salmon Fleet,Subsistence FIshery,Flatfish Trawl,Other Groundfish Trawl,P. Cod HookLine,P. Cod Pot,P. Cod Trawl,Pollock Trawl,Rockfish Trawl,Sablefish HookLine,shrimp trawl,Halibut HookLine,Crab Pots,Herring Fleet,Salmon Fleet,Subsistence FIshery,Flatfish Trawl,Other Groundfish Trawl,P. Cod HookLine,P. Cod Pot,P. Cod Trawl,Pollock Trawl,Rockfish Trawl,Sablefish HookLine,shrimp trawl
Transient Killers,0,0.000136055,0.02542091,11.15693,,,0,0.2,,0,0,0.5,0.5,0,0,0,0,0,0,0,0,0,0,0,0,0,0,0,0,0,0,0,0,0,0,0,0,0,0,0,0,0
Sperm and Beaked Whales,0,0.04508845,0.0469,6.609423,,,0,0.2,,0,0,0.5,0.5,0,0,0,0,0,0,0,0,0,0,0,0,0,0,0,0,0,0,0,0,0,0,0,0,0,0,0,0,0
Resident Killers,0,0.001359492,0.02542091,11.15693,,,0,0.2,,0,0,0.5,0.5,0,0,0,0,0,0,0,0,0,0,0,0,0,0,0,0,0,0,0,0,0,0,3.136E-07,0,0,0,0,3.966E-07,0
Porpoises,0,0.01507433,0.05,30,,,0,0.2,,0,0,0.5,0.5,0,0,0,0,0,1.293E-07,0,0,0,0,0,0,0,0,0,0,0,0,0,0,1.52E-08,9.5E-09,0,0,2.95E-08,6.65E-08,1.46E-08,0,0
Gray Whales,0,0.05543134,0.063365,8.87285,,,0,0.2,,0,0,0.5,0.5,0,0,0,0,0,8.57E-08,0,0,0,0,0,0,0,0,0,0,0,0,0,0,0,0,0,0,0,0,0,0,0
Humpbacks,0,0.1783805,0.03770187,7.577205,,,0,0.2,,0,0,0.5,0.5,0,0,0,0,0,0,0,0,0,0,0,0,0,0,0,0,0,0,0,0,0,0,0,0,0,0,0,0,0
Fin Whales,0,0.2661022,0.026676,6.516856,,,0,0.2,,0,0,0.5,0.5,0,0,0,0,0,0,0,0,0,0,0,0,0,0,0,0,0,0,0,0,5.8458E-06,3.6325E-06,0,0,1.13316E-05,2.55442E-05,5.5953E-06,0,0
Sei whales,0,0.006333852,0.040015,8.787933,,,0,0.2,,0,0,0.5,0.5,0,0,0,0,0,0,0,0,0,0,0,0,0,0,0,0,0,0,0,0,0,0,0,0,0,0,0,0,0
Right whales,0,0.003554814,0.032778,8,,,0,0.2,,0,0,0.5,0.5,0,0,0,0,0,0,0,0,0,0,0,0,0,0,0,0,0,0,0,0,0,0,0,0,0,0,0,0,0
Minke whales,0,0.002362473,0.051141,7.781985,,,0,0.2,,0,0,0.5,0.5,0,0,0,0,0,0,0,0,0,0,0,0,0,0,0,0,0,0,0,0,0,0,0,0,0,0,0,0,0
Sea Otters,0,0.003451707,0.116863,73,,,0,0.2,,0,0,0.5,0.5,0,0,0,0,0,3.62E-08,0,0,0,0,0,0,0,0,0,0,0,0,0,0,0,0,0,0,0,0,0,0,0
N. Fur Seal_Juv,0,0.000294995,0.398865,84.09423,,,0,0.2,,0,0,0.5,0.5,0,0,0,0,0,0,0,0,0,0,0,0,0,0,0,0,0,0,0,0,0,0,0,0,0,0,0,0,0
N. Fur Seal,0,0.009042058,0.096588,39.03033,,,0,0.2,,0,0,0.5,0.5,0,0,0,0,0,1.339E-07,0,0,0,0,0,0,0,0,0,0,0,0,0,0,0,0,0,0,0,0,0,0,0
Steller Sea Lion_Juv,0,0.000278476,0.4940115,56.34433,,,0,0.2,,0,0,0.5,0.5,0,0,0,0,0,4.0052E-06,0,0,0,0,0,0,0,0,0,0,0,0,0,0,0,0,0,0,0,0,0,0,0
Steller Sea Lion,0,0.01593345,0.1097936,24.07415,,,0,0.2,,0,0,0.5,0.5,0,0,0,0,0,3.77261E-05,0,0,0,0,0,0,0,0,0,0,0,0,0,0,1.296E-07,8.05E-08,1.1863E-06,0,2.511E-07,5.661E-07,0.000000124,1.5001E-06,0
Resident seals,0,0.003292146,0.082653,17.43908,,,0,0.2,,0,0,0.5,0.5,0,0,0,0,0,0.000052196,0,0,0,0,0,0,0,0,0,0,0,0,0,0,1.47E-08,9.1E-09,8.3E-09,5.61E-08,2.85E-08,6.43E-08,1.41E-08,1.04E-08,0
Shearwater,0,0.0002309,0.1,73,,,0,0.2,,0,0,0.5,0.5,0,0,0,0,0,0,0,0,0,0,0,0,0,0,0,0,0,0,0,0,1.5E-09,0,0.000000033,0.000000001,7.1E-09,1E-10,1.4E-09,2.696E-07,0
Murres,0,0.004831768,0.1694877,72,,,0,0.2,,0,0,0.5,0.5,0,0,0,0,0,0,0,0,0,0,0,0,0,0,0,0,0,0,0,0,3.07E-08,0,6.903E-07,0.000000021,1.494E-07,1.3E-09,2.86E-08,5.6417E-06,0
Kittiwakes,0,0.000889335,0.07688104,110,,,0,0.2,,0,0,0.5,0.5,0,0,0,0,0,0,0,0,0,0,0,0,0,0,0,0,0,0,0,0,5.6E-09,0,1.271E-07,3.9E-09,2.75E-08,2E-10,5.3E-09,1.0384E-06,0
Auklets,0,0.000299744,0.1694877,110,,,0,0.2,,0,0,0.5,0.5,0,0,0,0,0,0,0,0,0,0,0,0,0,0,0,0,0,0,0,0,1.9E-09,0,4.28E-08,1.3E-09,9.3E-09,1E-10,1.8E-09,0.00000035,0
Puffins,0,0.006484459,0.04,73,,,0,0.2,,0,0,0.5,0.5,0,0,0,0,0,0,0,0,0,0,0,0,0,0,0,0,0,0,0,0,4.11E-08,0,9.264E-07,2.82E-08,2.005E-07,1.7E-09,3.84E-08,7.5714E-06,0
Fulmars,0,0.000820895,0.055,73,,,0,0.2,,0,0,0.5,0.5,0,0,0,0,0,0,0,0,0,0,0,0,0,0,0,0,0,0,0,0,5.2E-09,0,1.173E-07,3.6E-09,2.54E-08,2E-10,4.9E-09,9.585E-07,0
Storm Petrels,0,0.0002309,0.12,144,,,0,0.2,,0,0,0.5,0.5,0,0,0,0,0,0,0,0,0,0,0,0,0,0,0,0,0,0,0,0,1.5E-09,0,0.000000033,0.000000001,7.1E-09,1E-10,1.4E-09,2.696E-07,0
Cormorants,0,0.000348881,0.1587271,73,,,0,0.2,,0,0,0.5,0.5,0,0,0,0,0,0,0,0,0,0,0,0,0,0,0,0,0,0,0,0,2.2E-09,0,4.98E-08,1.5E-09,1.08E-08,1E-10,2.1E-09,4.074E-07,0
Gulls,0,0.000569231,0.1657822,73,,,0,0.2,,0,0,0.5,0.5,0,0,0,0,0,0,0,0,0,0,0,0,0,0,0,0,0,0,0,0,3.6E-09,0,8.13E-08,2.5E-09,1.76E-08,1E-10,3.4E-09,6.646E-07,0
Albatross Jaeger,0,0.0002309,0.06756634,75,,,0,0.2,,0,0,0.5,0.5,0,0,0,0,0,0,0,0,0,0,0,0,0,0,0,0,0,0,0,0,1.5E-09,0,0.000000033,0.000000001,7.1E-09,1E-10,1.4E-09,2.696E-07,0
Sleeper shark,0,0.01765032,0.1,3,,,0,0.2,,0,0,0.5,0.5,0,0,0,0,0,0,0,0,0,0,0,6.41E-08,0,0,0,0.00102083,0,0,0,0,7.7542E-06,0,3.52934E-05,0,2.40853E-05,0.000211045,0,6.41484E-05,0
Salmon shark,0,0.03459453,0.1,6,,,0,0.2,,0,0,0.5,0.5,0,0,0,0,0,8.18E-08,0,0,0,0,3.8E-09,3.0284E-06,0,0,0,0.000155954,0,0,0,0,3.0186E-06,0,1.74732E-05,0,1.3951E-06,0.000278006,0,8.4863E-06,0
Dogfish,0,0.09010817,0.1,3,,,0,0.2,,0,0,0.5,0.5,0,0,0,0,0,9.89E-08,1.652E-07,0,0,0,1.78E-08,0.000173308,5.26E-08,2.46E-08,0,0.003426535,0,0,0,0,0.000309075,7.4371E-06,8.59003E-05,3.69E-08,4.33946E-05,0.000112948,6.6366E-06,0.000123169,0
W. Pollock_Juv,0,0.7959365,2.1,11.46551,,,0,0.2,,0,0,0.5,0.5,0,0,0,0,0,0,0,0,0,0,0,0,0,0,0,0,0,0,0,0,0,0,0,0,0,0,0,0,0
W. Pollock,0,5.5527,0.425,3.78,,,-1.25,0.2,,0,0,0.5,0.5,0,0,0,0,0,7.953E-07,0.001596734,0.000166671,2.82432E-05,5.0991E-06,0.006093382,0.05266972,0.001284116,4.378E-07,0,0,0,0,0,0,0.004046318,0.000676307,0.000178472,3.79655E-05,0.01226887,0.2631983,0.000595812,3.19376E-05,0
P. Cod_Juv,0,0.1304705,2.026288,8.414302,,,0,0.2,,0,0,0.5,0.5,0,0,0,0,0,0,0,0,0,0,0,0,0,0,0,0,0,0,0,0,0,0,0,0,0,0,0,0,0
P. Cod,0,1.390076,0.42,2.19,,,0,0.2,,0,0,0.5,0.5,0,0,0,0,0,0.000129767,0.005103315,0.001142195,0.01720389,0.01704845,0.0762641,0.00359223,0.000841617,0.000527053,0,0.009220889,0,0,0,0,0.00319257,0.001656124,0.01760833,0.01708005,0.0762714,0.002316682,0.00054343,0.001085234,0
Herring_Juv,0,0.4331985,1.5,8.751529,,,0,0.2,,0,0,0.5,0.5,0,0,0,0,0,0,0,0,0,0,0,0,0,0,0,0,0,0,0,0,0,0,0,0,0,0,0,0,0
Herring,0,0.9,0.32,3.52,,,0,0.2,,0,0,0.5,0.5,0,0,0,0.05041208,0,6.90037E-05,0,0,0,0,0,0,0,0,0,0,0,0.005041208,0,0,3.051E-07,0,0,1.88E-08,1.478E-07,3.85484E-05,3.437E-07,0,0
Arrowtooth_Juv,0,0.0698667,1.5,8.008333,,,0,0.2,,0,0,0.5,0.5,0,0,0,0,0,0,0,0,0,0,0,0,0,0,0,0,0,0,0,0,0,0,0,0,0,0,0,0,0
Arrowtooth,0,5.766471,0.26,1.44,,,0,0.2,,0,0,0.5,0.5,0,0,0,0,0,2.941E-07,0.002553026,0.000123793,4.9345E-06,0,0.00020924,8.62341E-05,0.000949703,0.00012542,0,0.002316122,0,0,0,0,0.03372129,0.003515558,0.000714925,1.03494E-05,0.009829602,0.003166019,0.006959634,0.00378988,0
P. Halibut_Juv,0,0.004207888,0.7,7.017456,,,0,0.2,,0,0,0.5,0.5,0,0,0,0,0,0,0,0,0,0,0,0,0,0,0,0,0,0,0,0,0,0,0,0,0,0,0,0,0
P. Halibut,0,1.519766,0.19,1.1,,,0,0.2,,0,0,0.5,0.5,0,0.08132301,0,0,0,0.001544014,0,0,0,0,0,0,0,0,0,0.002015248,0,0,0,0,0.00365786,1.00827E-05,0.001822484,4.57648E-05,0.001461903,0.000342381,0.001462816,0.004635246,0
YF. Sole,0,0.237893,0.2,2,,,0,0.2,,0,0,0.5,0.5,0,0,0,0,0,0.000000028,0.000142934,0,0,0,0,3.427E-07,0,0,0,0,0,0,0,0,5.82724E-05,5.4825E-06,0,8.91E-08,2.91256E-05,4.9085E-06,0,0,0
FH. Sole_Juv,0,0.09648249,1.1,5.839294,,,0,0.2,,0,0,0.5,0.5,0,0,0,0,0,0,0,0,0,0,0,0,0,0,0,0,0,0,0,0,0,0,0,0,0,0,0,0,0
FH. Sole,0,0.7394146,0.18,1.69,,,0,0.2,,0,0,0.5,0.5,0,0,0,0,0,0,0.002410088,0.000755012,0,0,0.000580116,0.000591844,5.86947E-05,3.428E-07,0,0,0,0,0,0,0.001821753,0.000085486,6.4121E-06,2.788E-07,0.00066724,0.000268212,2.85639E-05,5.5465E-06,0
N. Rock sole,0,0.2096941,0.2,2,,,0,0.2,,0,0,0.5,0.5,0,0,0,0,0,0,0.003043995,2.42377E-05,1E-10,0,0.000228617,0.000416845,3.084E-07,0,0,0,0,0,0,0,0.00205098,2.39344E-05,3.8994E-06,0,8.96502E-05,0.00046912,0.000001225,0,0
S. Rock sole,0,0.3520923,0.2,2,,,0,0.2,,0,0,0.5,0.5,0,0,0,0,0,8.193E-07,0.003043995,2.42377E-05,1E-10,0,0.000228617,0.000416845,3.084E-07,0,0,0,0,0,0,0,0.00205098,2.39344E-05,3.8994E-06,0,8.96502E-05,0.00046912,0.000001225,0,0
AK Plaice,0,0.0146662,0.2,2,,,0,0.2,,0,0,0.5,0.5,0,0,0,0,0,0,1.2062E-06,0,0,0,0,0,0,0,0,0,0,0,0,0,0.000003728,0,0,0,1.028E-07,3.43E-08,0,0,0
Dover Sole,0,0.3184661,0.2,2,,,0,0.2,,0,0,0.5,0.5,0,0,0,0,0,0,0.01343895,0.000299478,1.23372E-05,0,0.001564155,0.000959263,0.000517891,0.000193589,0,0,0,0,0,0,0.006814396,0.00078703,5.0327E-06,4.435E-07,5.19228E-05,6.98626E-05,0.000771364,0.000123411,0
Rex Sole,0,0.3182535,0.2,2,,,0,0.2,,0,0,0.5,0.5,0,0,0,0,0,8.193E-07,0.005891407,0.000234889,0,0,0.000215735,0.000513226,0.000105092,0,0,0,0,0,0,0,0.002400636,2.29578E-05,0,0,9.9027E-06,0.000282552,6.36308E-05,0,0
Misc. Flatfish,0,0.1958289,0.2,2,,,0,0.2,,0,0,0.5,0.5,0,0,0,0,0,2.02584E-05,0.004988863,0.000139626,5.799E-07,5.2187E-06,0.003360471,0.00048522,0.000057037,0.000000145,0,0,0,0,0,0,0.003686654,9.38422E-05,3.25526E-05,1.48062E-05,0.003959172,0.000412446,7.37569E-05,1.49984E-05,0
Other skates,0,0.03580718,0.2,2,,,0,0.2,,0,0,0.5,0.5,0,0,0,0,0,0,9.98243E-05,0.000395643,4.79487E-05,0,2.82531E-05,2.77552E-05,3.968E-07,1.1206E-06,0,0.00126145,0,0,0,0,0.000292481,2.68789E-05,0.000294237,2.38E-08,0.000079943,4.56924E-05,4.35214E-05,0.000173058,0
Longnose skate,0,0.04973756,0.2,2,,,0,0.2,,0,0,0.5,0.5,0,0,0,0,0,0,0.000174693,0.000692375,8.39102E-05,0,4.94428E-05,4.85717E-05,6.945E-07,0.000001961,0,0.002943384,0,0,0,0,0.000511841,0.000047038,0.000514915,4.16E-08,0.0001399,7.99616E-05,7.61624E-05,0.000302851,0
Big skate,0,1.06E-01,0.2,2,,,0,0.2,,0,0,0.5,0.5,0,0,0,0,0,7.165E-07,0.000224605,0.000890197,0.000107885,0,6.35694E-05,6.24493E-05,8.929E-07,2.5213E-06,0,0.002803223,0,0,0,0,0.000658082,6.04775E-05,0.000662034,5.35E-08,0.000179872,0.000102808,9.79231E-05,0.00038938,0
Sablefish_Juv,0,0.01901101,1.65,4.25037,,,0,0.2,,0,0,0.5,0.5,0,0,0,0,0,0,0,0,0,0,0,0,0,0,0,0,0,0,0,0,0,0,0,0,0,0,0,0,0
Sablefish,0,0.9314899,0.19,1.03,,,0,0.2,,0,0,0.5,0.5,0,0.003388168,0,0,0,4.02056E-05,0.002279378,0.000814699,0.000152681,4.77E-08,0.000311446,0.000369413,0.004300435,0.02908349,0,0,0,0,0,0,0.00080458,7.99411E-05,0.000170679,1.5967E-06,3.74435E-05,6.663E-07,0.000814602,0.01952905,0
Eelpouts,0,,0.4,2,0.8,,0,0.2,,0,0,0.5,0.5,0,0,0,0,0,0,1.0037E-06,0,1.474E-07,3.4E-09,1.254E-07,3.6946E-06,2.5414E-06,1.393E-07,0,0,0,0,0,0,9.6744E-06,5.772E-07,2.118E-07,1.064E-07,9.891E-07,2.4487E-06,0.000002107,4.992E-07,0
Grenadiers,0,0.9086657,0.15,2,,,0,0.2,,0,0,0.5,0.5,0,0,0,0,0,0,6.21469E-05,0,0,0,0,0.000162118,0.000020627,8.3024E-06,0,0,0,0,0,0,0.001431863,0.000111246,3.21321E-05,0,4.06105E-05,0.000605842,0.001018136,0.03377978,0
Misc. fish deep,0,0.03049424,0.1850308,2,,,0,0.2,,0,0,0.5,0.5,0,0,0,0,0,0,2.44503E-05,0,2.32964E-05,1.3293E-06,2.70273E-05,2.22525E-05,0.000197671,2.45693E-05,0,0,0,0,0,0,0.000243668,0.00013717,3.37824E-05,4.19732E-05,0.000213543,1.95286E-05,0.000173489,0.000411738,0
POP_Juv,0,0.02380418,1.1,6.380493,,,0,0.2,,0,0,0.5,0.5,0,0,0,0,0,0,0,0,0,0,0,0,0,0,0,0,0,0,0,0,0,0,0,0,0,0,0,0,0
POP,0,0.8406927,0.09,1.99,,,0,0.2,,0,0,0.5,0.5,0,0,0,0,0,0.000069362,0.000291113,0.001173932,2.242E-07,0,1.67087E-05,3.93929E-05,0.005751463,1.97143E-05,0,3.94086E-05,0,0,0,0,0.000766021,0.000858544,1.879E-07,9.073E-07,0.000104409,0.000239642,0.006395172,0,0
Sharpchin Rock,0,,0.1,2,0.8,,0,0.2,,0,0,0.5,0.5,0,0,0,0,0,0,0.000274847,0.004574022,1.40429E-05,3.621E-07,0.000135158,1.25432E-05,0.006807212,9.87698E-05,0,3.94086E-05,0,0,0,0,0.00051549,0.002019078,2.964E-07,1.01E-08,0.000809225,6.42759E-05,0.007454194,3.427E-07,0
Northern Rock,0,0.3624517,0.1,2,,,0,0.2,,0,0,0.5,0.5,0,0,0,0,0,0,3.54509E-05,0.000115368,0,0,1.04852E-05,2.92283E-05,0.007673298,1.32264E-05,0,3.94086E-05,0,0,0,0,0.000100117,0.001268443,2.964E-07,0,2.07751E-05,4.63E-08,0.007134693,3.427E-07,0
Dusky Rock,0,0.1395475,0.1,2,,,0,0.2,,0,0,0.5,0.5,0,0,0,0,0,0,0.000118792,0.000941337,2.53113E-05,3.288E-07,0.000140057,1.09013E-05,0.004345832,0.000558427,0,3.94086E-05,0,0,0,0,9.57644E-05,0.000602565,6.6774E-06,8.819E-07,0.00019089,3.06069E-05,0.002619055,3.00323E-05,0
Shortraker Rock,0,0.07740477,0.1,2,,,0,0.2,,0,0,0.5,0.5,0,0,0,0,0,0,0.000370403,0.000172069,3.0814E-06,3.7526E-06,0.000053687,4.73017E-05,0.000952478,0.000454056,0,3.94086E-05,0,0,0,0,0.000161098,1.28001E-05,1.57403E-05,0,2.258E-07,7.8326E-06,0.000667899,0.000296571,0
Rougheye Rock,0,0.1643666,0.1,2,,,0,0.2,,0,0,0.5,0.5,0,0,0,0,0,0,0.000342306,0.000172069,0.00000781,3.7526E-06,5.19395E-05,2.76334E-05,0.000952478,0.000569668,0,3.94086E-05,0,0,0,0,0.000160961,1.28001E-05,1.59802E-05,0,0.00000026,5.9138E-06,0.000667899,0.000297393,0
Shortspine Thorns_Juv,0,0.000152009,1,4.14397,,,0,0.2,,0,0,0.5,0.5,0,0,0,0,0,0,0,0,0,0,0,0,0,0,0,0,0,0,0,0,0,0,0,0,0,0,0,0,0
Shortspine Thorns,0,0.06314901,0.13,0.44,,,0,0.2,,0,0,0.5,0.5,0,0,0,0,0,0,0.000961466,0.000131462,4.80019E-05,3.5927E-06,7.47153E-05,5.48058E-05,0.000998671,0.001211737,0,3.94086E-05,0,0,0,0,0.000165746,7.4995E-06,0.000009327,1.5649E-06,2.6615E-06,0,0.000566707,0.000762944,0
Other Sebastes,0,,0.1,2,0.8,,0,0.2,,0,0,0.5,0.5,0,0,0,0,0,6.35735E-05,2.84688E-05,0.000030286,6.34429E-05,0,5.7455E-06,2.2562E-06,0.000286225,0.000476009,0,3.94086E-05,0,0,0,0,2.05496E-05,3.38197E-05,0.000013884,1.13E-08,3.04237E-05,5.7256E-06,0.000211896,5.84576E-05,0
Atka mackerel_Juv,0,0.1601545,1.9,12.0775,,,0,0.2,,0,0,0.5,0.5,0,0,0,0,0,0,0,0,0,0,0,0,0,0,0,0,0,0,0,0,0,0,0,0,0,0,0,0,0
Atka mackerel,0,0.4544861,0.35,5.65,,,0,0.2,,0,0,0.5,0.5,0,0,0,0,0,0,5.1076E-06,0.01379869,0,0,3.4567E-06,0,0.000106865,0,0,0,0,0,0,0,8.2993E-06,0.000449906,1.1695E-06,5.547E-07,0,8.70003E-05,0.000108588,3.68E-08,0
Greenlings,0,0.01110793,0.4,2,,,0,0.2,,0,0,0.5,0.5,0,0,0,0,0,0.000049734,0,0,0,0,0,0,0,0,0,0,0,0,0,0,0,0,0,0,0,0,0,0,0
Lg. Sculpins,0,0.08888517,0.4,2,,,0,0.2,,0,0,0.5,0.5,0,0,0,0,0,2.3669E-06,0.000028143,0,1.6285E-06,1.271E-07,0.000103893,5.14738E-05,0.000005801,0,0,0.000242757,0,0,0,0,0.000940051,0.000184077,0.000209797,0.000189285,0.002065872,0.000200612,0.000220999,1.6991E-06,0
Other sculpins,0,,0.4,2,0.8,,0,0.2,,0,0,0.5,0.5,0,0,0,0,0,0,0,0,0,0,0,0,0,0,0,0,0,0,0,0,0,0,0,0,0,0,0,0,0
Misc. fish shallow,0,,0.4,2,0.8,,0,0.2,,0,0,0.5,0.5,0,0,0,0,0,1.5109E-06,2.38542E-05,0,2.32964E-05,1.3293E-06,2.70273E-05,2.06976E-05,0.000197473,2.44897E-05,0,0,0,0,0,0,0.000229935,0.000136103,3.34742E-05,4.19732E-05,0.000213153,1.37179E-05,0.000163724,8.77522E-05,0
Octopi ,0,,0.8,3.65,0.8,,0,0.2,,0,0,0.5,0.5,0,0,0,0,0,0,2.3994E-06,0,1.576E-07,0.000155593,4.8843E-06,0.000002023,0.000000069,6.27E-08,0,0,0,0,0,0,2.21974E-05,4.129E-07,1.64455E-05,9.02991E-05,2.10521E-05,6.1636E-06,0.000006443,4.8599E-06,0
Squids,0,,3.2,10.67,0.8,,0,0.2,,0,0,0.5,0.5,0,0,0,0,0,0,0.000003052,0.000000887,0,0,1.741E-07,0.000111288,0.000003934,0,0,0,0,0,0,0,7.98617E-05,3.1E-09,0,0,3.8416E-06,5.86471E-05,8.16431E-05,0.000001775,0
Salmon returning,0,0.8566338,1.815861,11.8269,,,0,0.2,,0,0,0.5,0.5,0,0,0,0,0.29042,0,0,0,0,0,0,0,0,0,0,0,0,0,0.02904201,0,5.17159E-05,1.6524E-06,9E-10,0,4.45542E-05,0.0005198,0.000109422,1.7308E-06,0
Salmon outgoing,0,0.01713268,1.641523,14.38647,,,0,0.2,,0,0,0.5,0.5,0,0,0,0,0,0,0,0,0,0,0,0,0,0,0,0,0,0,0,0,0,0,0,0,0,0,0,0,0
Bathylagidae,0,,0.8,3.65,0.8,,0,0.2,,0,0,0.5,0.5,0,0,0,0,0,0,0,0,0,0,0,0,0,0,0,0,0,0,0,0,0,0,0,0,0,0,0,0,0
Myctophidae,0,,0.8,3.65,0.8,,0,0.2,,0,0,0.5,0.5,0,0,0,0,0,0,0,0,0,0,0,0,0,0,0,0,0,0,0,0,0,0,0,0,0,0,1.7E-09,0,0
Capelin,0,,0.8,3.65,0.8,,0,0.2,,0,0,0.5,0.5,0,0,0,0,0,2.7179E-06,5.76E-08,0,0,0,0,0.000167172,3.7E-09,0,0,0,0,0,0,0,4.3712E-06,5.5E-09,0,2.144E-07,1.744E-07,1.58418E-05,4.35E-08,0,0
Sandlance,0,,0.8,3.65,0.8,,0,0.2,,0,0,0.5,0.5,0,0,0,0,0,0,0,0,0,0,0.000000391,1.51E-08,0,0,0,0,0,0,0,0,0,0,0,0,7.63E-08,0,8.3E-09,0,0
Eulachon,0,,0.8,3.65,0.8,,0,0.2,,0,0,0.5,0.5,0,0,0,0,0,0.000013263,5.76E-08,0,0,0,0,0.000167172,3.7E-09,0,0,0,0,0,0,0,4.3712E-06,5.5E-09,0,2.144E-07,1.744E-07,1.58418E-05,4.35E-08,0,0
Oth. managed forage,0,,0.8,3.65,0.8,,0,0.2,,0,0,0.5,0.5,0,0,0,0,0,0,5.443E-07,0,0,0,0,1.4012E-06,0,0,0,0,0,0,0,0,4.9655E-06,0,2.8765E-06,0,0,8.803E-07,4.19E-08,0,0
Oth. pelagic smelt,0,,0.8,3.65,0.8,,0,0.2,,0,0,0.5,0.5,0,0,0,0,0,2.6468E-06,1.28E-08,0,0,0,0,3.71494E-05,8E-10,0,0,0,0,0,0,0,9.714E-07,1.2E-09,0,4.77E-08,3.88E-08,3.5204E-06,9.7E-09,0,0
Bairdi,0,,1,3,0.8,,0,0.2,,0,0,0.1,0.9,0,0,0.003415561,0,0,0.000093333,0,0,0,0,0,0,0,0,0,0,0,0,0,0,5.77472E-05,4.175E-07,3.684E-07,3.49009E-05,4.96887E-05,1.06525E-05,1.14012E-05,1.65517E-05,0
King Crab,0,0.006152222,0.6,3,,,0,0.2,,0,0,0.1,0.9,0,0,1.13679E-05,0,0,6.02675E-05,0,0,0,0,0,0,0,0,0,0,0,0,0,0,2.4009E-06,1.36E-08,6.5E-09,1.571E-07,2.356E-07,1.726E-07,2.0345E-06,1.8809E-06,0
Misc. crabs,0,1.722183,0.8200002,4.099998,,,0,0.2,,0,0,0.1,0.9,0,0,0,0,0,2.82305E-05,1.587E-07,0,0,1.142E-07,2.356E-07,2.14E-08,1.26E-08,0,0,0,0,0,0,0,1.18905E-05,1.1467E-06,3.42E-08,2.11674E-05,1.58242E-05,1.26E-08,1.3141E-06,5.52E-08,0
Pandalidae,0,,0.576,2.41,0.8,,0,0.2,,0,0,0.1,0.9,0,0,0,0,0,6.12714E-05,1.1496E-06,1.6939E-06,0,0,1.5E-09,1.631E-07,8.37E-08,0,0.000131515,0,0,0,0,0,1.2546E-06,0,0,0,1.173E-07,3.86E-08,9.856E-07,0,0
NP shrimp,0,,0.576,2.41,0.8,,0,0.2,,0,0,0.1,0.9,0,0,0,0,0,0,1.1496E-06,1.6939E-06,0,0,1.5E-09,1.631E-07,8.37E-08,0,0,0,0,0,0,0,1.2546E-06,0,0,0,1.173E-07,3.86E-08,9.856E-07,0,0
Sea stars,0,0.09551849,1.21,,,0.2,0,0.2,,0,0,0.1,0.9,0,0,0,0,0,0,5.407E-07,0,0,3.4572E-06,1.7692E-06,1.5959E-06,5.247E-07,1.3574E-06,0,1.68029E-05,0,0,0,0,0.000350828,0.000158909,0.001165955,0.001155387,0.00023372,2.6383E-06,1.41477E-05,8.1239E-06,0
Brittle stars,0,4.544021,1.21,,,0.2,0,0.2,,0,0,0.1,0.9,0,0,0,0,0,0,0,0,0,0,0,0,0,0,0,0,0,0,0,0,0,0,0,0,0,0,0,0,0
Urchins dollars cucumbers,0,1.630926,0.61,,,0.2,0,0.2,,0,0,0.1,0.9,0,0,0,0,0,0.000001955,7.46E-08,0,0,0,1.0983E-06,2.916E-07,0.000000086,0,0,0,0,0,0,0,3.40069E-05,0.00000106,2.95E-08,1.5013E-06,3.35425E-05,1.297E-07,0.000003953,8.4E-09,0
Snails,0,,1.81,,0.8,0.2,0,0.2,,0,0,0.1,0.9,0,0,0,0,0,3.274E-07,0,0,0,0,0,0,0,0,0,0,0,0,0,0,0,0,0,0,0,0,0,0,0
Hermit crabs,0,,0.82,,0.8,0.2,0,0.2,,0,0,0.1,0.9,0,0,0,0,0,0,0,0,0,0,0,0,0,0,0,0,0,0,0,0,0,0,0,0,0,0,0,0,0
Misc. Crustacean,0,,7.4,,0.8,0.2,0,0.2,,0,0,0.1,0.9,0,0,0,0,0,0,0,0,0,0,0,0,0,0,0,0,0,0,0,0,0,0,0,0,0,0,0,0,0
Benthic Amphipods,0,,7.4,,0.8,0.2,0,0.2,,0,0,0.1,0.9,0,0,0,0,0,0,0,0,0,0,0,0,0,0,0,0,0,0,0,0,0,0,0,0,0,0,0,0,0
Anemones,0,0.08886787,1,,,0.2,0,0.4,,0,0,0.1,0.9,0,0,0,0,0,0,6.66E-08,0,0,0,0,3.427E-07,0,0,0,0,0,0,0,0,2.80739E-05,6.0862E-06,1.52011E-05,7.42E-08,2.10361E-05,1.861E-07,1.9579E-06,0.000001295,0
Corals,0,0.005190301,0.0460517,,,0.2,0,0.4,,0,0,0.1,0.9,0,0,0,0,0,0,0,0,0,0,1.7E-09,0.000002967,1.56E-08,0,0,0,0,0,0,0,6.8887E-06,0,8.14E-08,1E-10,2.564E-07,1.059E-07,9.6171E-06,2.969E-07,0
Hydroids,0,,1,,0.8,0.2,0,0.4,,0,0,0.1,0.9,0,0,0,0,0,0,0,0,0,0,0,0,0,0,0,0,0,0,0,0,0,0,0,0,0,0,0,0,0
Urochordata,0,0.2448,3.58,,,0.2,0,0.4,,0,0,0.1,0.9,0,0,0,0,0,0,0,0,0,0,0,0,0,0,0,0,0,0,0,0,4.4412E-06,1.284E-07,4.938E-07,6.34E-08,1.1579E-06,2.23E-08,4.139E-07,2.31E-08,0
Sea Pens,0,0.000549388,0.09210341,,,0.2,0,0.4,,0,0,0.1,0.9,0,0,0,0,0,0,0,0,0,0,0,0,0,0,0,0,0,0,0,0,4.817E-07,0,2.9879E-06,0,3.0647E-06,0,2.61E-08,4.733E-07,0
Sponges,0,0.1075014,1,,,0.2,0,0.4,,0,0,0.1,0.9,0,0,0,0,0,0,2.001E-07,0,0,0,0,0,6.48E-08,0,0,0,0,0,0,0,7.4206E-06,0,9.77E-08,3.2952E-06,3.3049E-06,5.85E-08,6.4218E-06,2.353E-07,0
Bivalves,0,,1.3,,0.8,0.2,0,0.4,,0,0,0.1,0.9,0,0,0,0,0,0.000280681,0,0,0,0,0,0,0,0,0,0,0,0,0,0,0,0,0,0,0,0,0,0,0
Polychaetes,0,,2.97,,0.8,0.2,0,0.4,,0,0,0.1,0.9,0,0,0,0,0,0,0,0,0,0,0,0,0,0,0,0,0,0,0,0,0,0,0,0,0,0,0,0,0
Misc. worms ,0,,2.23,,0.8,0.2,0,0.4,,0,0,0.1,0.9,0,0,0,0,0,0,0,0,0,0,0,0,0,0,0,0,0,0,0,0,0,0,0,0,0,0,0,0,0
Scyphozoid Jellies,0,0.11,0.88,3,,,0,0.2,,0,0,0.7,0.3,0,0,0,0,0,0,0.000000335,0,0,0,5.86E-08,0.000138608,0,2.2247E-06,0,0,0,0,0,0,1.46171E-05,3.28444E-05,0,2.963E-07,1.49754E-05,0.000132755,3.022E-07,1.089E-07,0
Fish Larvae,0,,5.475,,0.8,0.35,0,0.2,,0,0,0.7,0.3,0,0,0,0,0,0,0,0,0,0,0,0,0,0,0,0,0,0,0,0,0,0,0,0,0,0,0,0,0
Chaetognaths,0,,5.475,,0.8,0.35,0,0.2,,0,0,0.7,0.3,0,0,0,0,0,0,0,0,0,0,0,0,0,0,0,0,0,0,0,0,0,0,0,0,0,0,0,0,0
Euphausiids,0,,5.475,,0.8,0.35,0,0.2,,0,0,0.7,0.3,0,0,0,0,0,0,0,0,0,0,0,0,0,0,0,0,0,0,0,0,0,0,0,0,0,0,0,0,0
Mysids,0,,5.475,,0.8,0.35,0,0.2,,0,0,0.7,0.3,0,0,0,0,0,0,0,0,0,0,0,0,0,0,0,0,0,0,0,0,0,0,0,0,0,0,0,0,0
Pelagic Amphipods,0,,2.5,,0.8,0.35,0,0.2,,0,0,0.7,0.3,0,0,0,0,0,0,0,0,0,0,0,0,0,0,0,0,0,0,0,0,0,0,0,0,0,0,0,0,0
Gelatinous filter feeders,0,,5.475,,0.8,0.35,0,0.2,,0,0,0.7,0.3,0,0,0,0,0,0,0,0,0,0,0,0,0,0,0,0,0,0,0,0,0,0,0,0,0,0,0,0,0
Pteropods,0,,5.475,,0.8,0.35,0,0.2,,0,0,0.7,0.3,0,0,0,0,0,0,0,0,0,0,0,0,0,0,0,0,0,0,0,0,0,0,0,0,0,0,0,0,0
Copepods,0,,6,27.74,0.8,,0,0.2,,0,0,0.7,0.3,0,0,0,0,0,0,0,0,0,0,0,0,0,0,0,0,0,0,0,0,0,0,0,0,0,0,0,0,0
Pelagic microbes,0,,36.5,,0.8,0.35,0,0.2,,0,0,0.7,0.3,0,0,0,0,0,0,0,0,0,0,0,0,0,0,0,0,0,0,0,0,0,0,0,0,0,0,0,0,0
Benthic microbes,0,,36.5,,0.8,0.35,0,0.2,,0,0,0.1,0.9,0,0,0,0,0,0,0,0,0,0,0,0,0,0,0,0,0,0,0,0,0,0,0,0,0,0,0,0,0
Macroalgae,1,,4,,0.8,,0,0,,0,0,0.5,0.5,0,0,0,0,0,0,0,0,0,0,0,0,0,0,0,0,0,0,0,0,0,0,0,0,0,0,0,0,0
Lg Phytoplankton,1,7.86063,166.4806,,,,0,0,,0,0,0.5,0.5,0,0,0,0,0,0,0,0,0,0,0,0,0,0,0,0,0,0,0,0,0,0,0,0,0,0,0,0,0
Sm Phytoplankton,1,27.65792,113.3781,,,,0,0,,0,0,0.5,0.5,0,0,0,0,0,0,0,0,0,0,0,0,0,0,0,0,0,0,0,0,0,0,0,0,0,0,0,0,0
Outside Production,1,4,1,,,,0,0,,0,0,0.375,0.375,0.25,0,0,0,0,0,0,0,0,0,0,0,0,0,0,0,0,0,0,0,0,0,0,0,0,0,0,0,0
Discards,2,,,,,,0,0,0,0,0,0,0,0,0,0,0,0,0,0,0,0,0,0,0,0,0,0,0,0,0,0,0,0,0,0,0,0,0,0,0,0
Offal,2,,,,,,0,0,0,0,0,0,0,0,0,0,0,0,0,0,0,0,0,0,0,0,0,0,0,0,0,0,0,0,0,0,0,0,0,0,0,0
Pelagic Detritus,2,,,,,,0,0,0,0,0,0,0,0,0,0,0,0,0,0,0,0,0,0,0,0,0,0,0,0,0,0,0,0,0,0,0,0,0,0,0,0
Benthic Detritus,2,,,,,,0,0,0,0,0,0,0,0,0,0,0,0,0,0,0,0,0,0,0,0,0,0,0,0,0,0,0,0,0,0,0,0,0,0,0,0
Outside Detritus,2,,,,,,0,0,0,0,0,0,0,0,0,0,0,0,0,0,0,0,0,0,0,0,0,0,0,0,0,0,0,0,0,0,0,0,0,0,0,0
Halibut HookLine,3,,,,,,,,,0.5,0.5,0,0,0,,,,,,,,,,,,,,,,,,,,,,,,,,,,
Crab Pots,3,,,,,,,,,0.5,0.5,0,0,0,,,,,,,,,,,,,,,,,,,,,,,,,,,,
Herring Fleet,3,,,,,,,,,0.5,0.5,0,0,0,,,,,,,,,,,,,,,,,,,,,,,,,,,,
Salmon Fleet,3,,,,,,,,,0.5,0.5,0,0,0,,,,,,,,,,,,,,,,,,,,,,,,,,,,
Subsistence FIshery,3,,,,,,,,,0.5,0.5,0,0,0,,,,,,,,,,,,,,,,,,,,,,,,,,,,
Flatfish Trawl,3,,,,,,,,,0.8463893,0.1536107,0,0,0,,,,,,,,,,,,,,,,,,,,,,,,,,,,
Other Groundfish Trawl,3,,,,,,,,,0.6952031,0.3047968,0,0,0,,,,,,,,,,,,,,,,,,,,,,,,,,,,
P. Cod HookLine,3,,,,,,,,,0.3977531,0.6022469,0,0,0,,,,,,,,,,,,,,,,,,,,,,,,,,,,
P. Cod Pot,3,,,,,,,,,0.1403662,0.8596338,0,0,0,,,,,,,,,,,,,,,,,,,,,,,,,,,,
P. Cod Trawl,3,,,,,,,,,0.3600228,0.6399772,0,0,0,,,,,,,,,,,,,,,,,,,,,,,,,,,,
Pollock Trawl,3,,,,,,,,,0.1350133,0.8649867,0,0,0,,,,,,,,,,,,,,,,,,,,,,,,,,,,
Rockfish Trawl,3,,,,,,,,,0.6272201,0.3727799,0,0,0,,,,,,,,,,,,,,,,,,,,,,,,,,,,
Sablefish HookLine,3,,,,,,,,,0.7781148,0.2218852,0,0,0,,,,,,,,,,,,,,,,,,,,,,,,,,,,
shrimp trawl,3,,,,,,,,,0.5,0.5,0,0,0,,,,,,,,,,,,,,,,,,,,,,,,,,,,
