"","Group","PB","M0","F.Halibut.HookLine","F.Crab.Pots","F.Herring.Fleet","F.Salmon.Fleet","F.Subsistence.FIshery","F.Flatfish.Trawl","F.Other.Groundfish.Trawl","F.P..Cod.HookLine","F.P..Cod.Pot","F.P..Cod.Trawl","F.Pollock.Trawl","F.Rockfish.Trawl","F.Sablefish.HookLine","F.shrimp.trawl","M2.Transient.Killers","M2.Sperm.and.Beaked.Whales","M2.Resident.Killers","M2.Porpoises","M2.Gray.Whales","M2.Humpbacks","M2.Fin.Whales","M2.Sei.whales","M2.Right.whales","M2.Minke.whales","M2.Sea.Otters","M2.N..Fur.Seal_Juv","M2.N..Fur.Seal","M2.Steller.Sea.Lion_Juv","M2.Steller.Sea.Lion","M2.Resident.seals","M2.Shearwater","M2.Murres","M2.Kittiwakes","M2.Auklets","M2.Puffins","M2.Fulmars","M2.Storm.Petrels","M2.Cormorants","M2.Gulls","M2.Albatross.Jaeger","M2.Sleeper.shark","M2.Salmon.shark","M2.Dogfish","M2.W..Pollock_Juv","M2.W..Pollock","M2.P..Cod_Juv","M2.P..Cod","M2.Herring_Juv","M2.Herring","M2.Arrowtooth_Juv","M2.Arrowtooth","M2.P..Halibut_Juv","M2.P..Halibut","M2.YF..Sole","M2.FH..Sole_Juv","M2.FH..Sole","M2.N..Rock.sole","M2.S..Rock.sole","M2.AK.Plaice","M2.Dover.Sole","M2.Rex.Sole","M2.Misc..Flatfish","M2.Other.skates","M2.Longnose.skate","M2.Big.skate","M2.Sablefish_Juv","M2.Sablefish","M2.Eelpouts","M2.Grenadiers","M2.Misc..fish.deep","M2.POP_Juv","M2.POP","M2.Sharpchin.Rock","M2.Northern.Rock","M2.Dusky.Rock","M2.Shortraker.Rock","M2.Rougheye.Rock","M2.Shortspine.Thorns_Juv","M2.Shortspine.Thorns","M2.Other.Sebastes","M2.Atka.mackerel_Juv","M2.Atka.mackerel","M2.Greenlings","M2.Lg..Sculpins","M2.Other.sculpins","M2.Misc..fish.shallow","M2.Octopi","M2.Squids","M2.Salmon.returning","M2.Salmon.outgoing","M2.Bathylagidae","M2.Myctophidae","M2.Capelin","M2.Sandlance","M2.Eulachon","M2.Oth..managed.forage","M2.Oth..pelagic.smelt","M2.Bairdi","M2.King.Crab","M2.Misc..crabs","M2.Pandalidae","M2.NP.shrimp","M2.Sea.stars","M2.Brittle.stars","M2.Urchins.dollars.cucumbers","M2.Snails","M2.Hermit.crabs","M2.Misc..Crustacean","M2.Benthic.Amphipods","M2.Anemones","M2.Corals","M2.Hydroids","M2.Urochordata","M2.Sea.Pens","M2.Sponges","M2.Bivalves","M2.Polychaetes","M2.Misc..worms","M2.Scyphozoid.Jellies","M2.Fish.Larvae","M2.Chaetognaths","M2.Euphausiids","M2.Mysids","M2.Pelagic.Amphipods","M2.Gelatinous.filter.feeders","M2.Pteropods","M2.Copepods","M2.Pelagic.microbes","M2.Benthic.microbes","M2.Macroalgae","M2.Lg.Phytoplankton","M2.Sm.Phytoplankton","M2.Outside.Production"
"1","Transient Killers",0.02542091,0.02542091,0,0,0,0,0,0,0,0,0,0,0,0,0,0,0,0,0,0,0,0,0,0,0,0,0,0,0,0,0,0,0,0,0,0,0,0,0,0,0,0,0,0,0,0,0,0,0,0,0,0,0,0,0,0,0,0,0,0,0,0,0,0,0,0,0,0,0,0,0,0,0,0,0,0,0,0,0,0,0,0,0,0,0,0,0,0,0,0,0,0,0,0,0,0,0,0,0,0,0,0,0,0,0,0,0,0,0,0,0,0,0,0,0,0,0,0,0,0,0,0,0,0,0,0,0,0,0,0,0,NA,NA,NA,NA
"2","Sperm and Beaked Whales",0.0469,0.0469,0,0,0,0,0,0,0,0,0,0,0,0,0,0,0,0,0,0,0,0,0,0,0,0,0,0,0,0,0,0,0,0,0,0,0,0,0,0,0,0,0,0,0,0,0,0,0,0,0,0,0,0,0,0,0,0,0,0,0,0,0,0,0,0,0,0,0,0,0,0,0,0,0,0,0,0,0,0,0,0,0,0,0,0,0,0,0,0,0,0,0,0,0,0,0,0,0,0,0,0,0,0,0,0,0,0,0,0,0,0,0,0,0,0,0,0,0,0,0,0,0,0,0,0,0,0,0,0,0,NA,NA,NA,NA
"3","Resident Killers",0.02542091,0.0248985089855034,0,0,0,0,0,0,0,0.000230674398966673,0,0,0,0,0.000291726615529919,0,0,0,0,0,0,0,0,0,0,0,0,0,0,0,0,0,0,0,0,0,0,0,0,0,0,0,0,0,0,0,0,0,0,0,0,0,0,0,0,0,0,0,0,0,0,0,0,0,0,0,0,0,0,0,0,0,0,0,0,0,0,0,0,0,0,0,0,0,0,0,0,0,0,0,0,0,0,0,0,0,0,0,0,0,0,0,0,0,0,0,0,0,0,0,0,0,0,0,0,0,0,0,0,0,0,0,0,0,0,0,0,0,0,0,0,NA,NA,NA,NA
"4","Porpoises",0.05,0.0472695460088027,0,0,0,0,0.00000857749564988958,0.00000100833668892747,0.000000630210430579668,0,0,0.00000195696923180002,0.00000441147301405767,0.000000968533924890858,0,0,0.00271290097225717,0,0,0,0,0,0,0,0,0,0,0,0,0,0,0,0,0,0,0,0,0,0,0,0,0,0,0,0,0,0,0,0,0,0,0,0,0,0,0,0,0,0,0,0,0,0,0,0,0,0,0,0,0,0,0,0,0,0,0,0,0,0,0,0,0,0,0,0,0,0,0,0,0,0,0,0,0,0,0,0,0,0,0,0,0,0,0,0,0,0,0,0,0,0,0,0,0,0,0,0,0,0,0,0,0,0,0,0,0,0,0,0,0,0,NA,NA,NA,NA
"5","Gray Whales",0.063365,0.0606505523984907,0,0,0,0,0.00000154605679747233,0,0,0,0,0,0,0,0,0,0.00271290154471184,0,0,0,0,0,0,0,0,0,0,0,0,0,0,0,0,0,0,0,0,0,0,0,0,0,0,0,0,0,0,0,0,0,0,0,0,0,0,0,0,0,0,0,0,0,0,0,0,0,0,0,0,0,0,0,0,0,0,0,0,0,0,0,0,0,0,0,0,0,0,0,0,0,0,0,0,0,0,0,0,0,0,0,0,0,0,0,0,0,0,0,0,0,0,0,0,0,0,0,0,0,0,0,0,0,0,0,0,0,0,0,0,0,0,NA,NA,NA,NA
"6","Humpbacks",0.03770187,0.0349889680274899,0,0,0,0,0,0,0,0,0,0,0,0,0,0,0.00271290197251012,0,0,0,0,0,0,0,0,0,0,0,0,0,0,0,0,0,0,0,0,0,0,0,0,0,0,0,0,0,0,0,0,0,0,0,0,0,0,0,0,0,0,0,0,0,0,0,0,0,0,0,0,0,0,0,0,0,0,0,0,0,0,0,0,0,0,0,0,0,0,0,0,0,0,0,0,0,0,0,0,0,0,0,0,0,0,0,0,0,0,0,0,0,0,0,0,0,0,0,0,0,0,0,0,0,0,0,0,0,0,0,0,0,0,NA,NA,NA,NA
"7","Fin Whales",0.026676,0.0237678753766099,0,0,0,0,0,0.0000219682512959307,0.0000136507702679647,0,0,0.000042583638917679,0.0000959939451834671,0.0000210268836559788,0,0,0.00271290113406906,0,0,0,0,0,0,0,0,0,0,0,0,0,0,0,0,0,0,0,0,0,0,0,0,0,0,0,0,0,0,0,0,0,0,0,0,0,0,0,0,0,0,0,0,0,0,0,0,0,0,0,0,0,0,0,0,0,0,0,0,0,0,0,0,0,0,0,0,0,0,0,0,0,0,0,0,0,0,0,0,0,0,0,0,0,0,0,0,0,0,0,0,0,0,0,0,0,0,0,0,0,0,0,0,0,0,0,0,0,0,0,0,0,0,NA,NA,NA,NA
"8","Sei whales",0.040015,0.0373020993224018,0,0,0,0,0,0,0,0,0,0,0,0,0,0,0.00271290067759823,0,0,0,0,0,0,0,0,0,0,0,0,0,0,0,0,0,0,0,0,0,0,0,0,0,0,0,0,0,0,0,0,0,0,0,0,0,0,0,0,0,0,0,0,0,0,0,0,0,0,0,0,0,0,0,0,0,0,0,0,0,0,0,0,0,0,0,0,0,0,0,0,0,0,0,0,0,0,0,0,0,0,0,0,0,0,0,0,0,0,0,0,0,0,0,0,0,0,0,0,0,0,0,0,0,0,0,0,0,0,0,0,0,0,NA,NA,NA,NA
"9","Right whales",0.032778,0.0300650984108072,0,0,0,0,0,0,0,0,0,0,0,0,0,0,0.00271290158919281,0,0,0,0,0,0,0,0,0,0,0,0,0,0,0,0,0,0,0,0,0,0,0,0,0,0,0,0,0,0,0,0,0,0,0,0,0,0,0,0,0,0,0,0,0,0,0,0,0,0,0,0,0,0,0,0,0,0,0,0,0,0,0,0,0,0,0,0,0,0,0,0,0,0,0,0,0,0,0,0,0,0,0,0,0,0,0,0,0,0,0,0,0,0,0,0,0,0,0,0,0,0,0,0,0,0,0,0,0,0,0,0,0,0,NA,NA,NA,NA
"10","Minke whales",0.051141,0.0484280977517099,0,0,0,0,0,0,0,0,0,0,0,0,0,0,0.00271290224829014,0,0,0,0,0,0,0,0,0,0,0,0,0,0,0,0,0,0,0,0,0,0,0,0,0,0,0,0,0,0,0,0,0,0,0,0,0,0,0,0,0,0,0,0,0,0,0,0,0,0,0,0,0,0,0,0,0,0,0,0,0,0,0,0,0,0,0,0,0,0,0,0,0,0,0,0,0,0,0,0,0,0,0,0,0,0,0,0,0,0,0,0,0,0,0,0,0,0,0,0,0,0,0,0,0,0,0,0,0,0,0,0,0,0,NA,NA,NA,NA
"11","Sea Otters",0.116863,0.114139611049125,0,0,0,0,0.0000104875645586372,0,0,0,0,0,0,0,0,0,0.00271290138631662,0,0,0,0,0,0,0,0,0,0,0,0,0,0,0,0,0,0,0,0,0,0,0,0,0,0,0,0,0,0,0,0,0,0,0,0,0,0,0,0,0,0,0,0,0,0,0,0,0,0,0,0,0,0,0,0,0,0,0,0,0,0,0,0,0,0,0,0,0,0,0,0,0,0,0,0,0,0,0,0,0,0,0,0,0,0,0,0,0,0,0,0,0,0,0,0,0,0,0,0,0,0,0,0,0,0,0,0,0,0,0,0,0,0,NA,NA,NA,NA
"12","N. Fur Seal_Juv",0.398865,0.396152098876075,0,0,0,0,0,0,0,0,0,0,0,0,0,0,0.00271290112392471,0,0,0,0,0,0,0,0,0,0,0,0,0,0,0,0,0,0,0,0,0,0,0,0,0,0,0,0,0,0,0,0,0,0,0,0,0,0,0,0,0,0,0,0,0,0,0,0,0,0,0,0,0,0,0,0,0,0,0,0,0,0,0,0,0,0,0,0,0,0,0,0,0,0,0,0,0,0,0,0,0,0,0,0,0,0,0,0,0,0,0,0,0,0,0,0,0,0,0,0,0,0,0,0,0,0,0,0,0,0,0,0,0,0,NA,NA,NA,NA
"13","N. Fur Seal",0.096588,0.0938602895280181,0,0,0,0,0.0000148085756583291,0,0,0,0,0,0,0,0,0,0.00271290189632353,0,0,0,0,0,0,0,0,0,0,0,0,0,0,0,0,0,0,0,0,0,0,0,0,0,0,0,0,0,0,0,0,0,0,0,0,0,0,0,0,0,0,0,0,0,0,0,0,0,0,0,0,0,0,0,0,0,0,0,0,0,0,0,0,0,0,0,0,0,0,0,0,0,0,0,0,0,0,0,0,0,0,0,0,0,0,0,0,0,0,0,0,0,0,0,0,0,0,0,0,0,0,0,0,0,0,0,0,0,0,0,0,0,0,NA,NA,NA,NA
"14","Steller Sea Lion_Juv",0.4940115,0.476916031633668,0,0,0,0,0.0143825679771327,0,0,0,0,0,0,0,0,0,0.00271290038919939,0,0,0,0,0,0,0,0,0,0,0,0,0,0,0,0,0,0,0,0,0,0,0,0,0,0,0,0,0,0,0,0,0,0,0,0,0,0,0,0,0,0,0,0,0,0,0,0,0,0,0,0,0,0,0,0,0,0,0,0,0,0,0,0,0,0,0,0,0,0,0,0,0,0,0,0,0,0,0,0,0,0,0,0,0,0,0,0,0,0,0,0,0,0,0,0,0,0,0,0,0,0,0,0,0,0,0,0,0,0,0,0,0,0,NA,NA,NA,NA
"15","Steller Sea Lion",0.1097936,0.104472110939886,0,0,0,0,0.00236772952499302,0.00000813383165604436,0.00000505226426166336,0.0000744534297343011,0,0.0000157592988335859,0.0000355290285531382,0.00000778236979436343,0.0000941478461977789,0,0.0027129014660898,0,0,0,0,0,0,0,0,0,0,0,0,0,0,0,0,0,0,0,0,0,0,0,0,0,0,0,0,0,0,0,0,0,0,0,0,0,0,0,0,0,0,0,0,0,0,0,0,0,0,0,0,0,0,0,0,0,0,0,0,0,0,0,0,0,0,0,0,0,0,0,0,0,0,0,0,0,0,0,0,0,0,0,0,0,0,0,0,0,0,0,0,0,0,0,0,0,0,0,0,0,0,0,0,0,0,0,0,0,0,0,0,0,0,NA,NA,NA,NA
"16","Resident seals",0.082653,0.0640229732037539,0,0,0,0,0.0158547038922332,0.00000446517256525075,0.00000276415444515523,0.00000252115185657015,0.0000170405565245284,0.00000865696721834329,0.0000195313330575254,0.00000428292062381195,0.00000315903365160597,0,0.00271290161407008,0,0,0,0,0,0,0,0,0,0,0,0,0,0,0,0,0,0,0,0,0,0,0,0,0,0,0,0,0,0,0,0,0,0,0,0,0,0,0,0,0,0,0,0,0,0,0,0,0,0,0,0,0,0,0,0,0,0,0,0,0,0,0,0,0,0,0,0,0,0,0,0,0,0,0,0,0,0,0,0,0,0,0,0,0,0,0,0,0,0,0,0,0,0,0,0,0,0,0,0,0,0,0,0,0,0,0,0,0,0,0,0,0,0,NA,NA,NA,NA
"17","Shearwater",0.1,0.0793718474215316,0,0,0,0,0,0.0000064963187527068,0,0.00014291901255955,0.0000043308791684712,0.0000307492420961455,0.00000043308791684712,0.00000606323083585968,0.00116760502381984,0,0,0,0,0,0,0,0,0,0,0,0,0,0,0.000523244634197991,0.0127252294167694,0,0,0,0,0,0,0.00602108173235167,0,0,0,0,0,0,0,0,0,0,0,0,0,0,0,0,0,0,0,0,0,0,0,0,0,0,0,0,0,0,0,0,0,0,0,0,0,0,0,0,0,0,0,0,0,0,0,0,0,0,0,0,0,0,0,0,0,0,0,0,0,0,0,0,0,0,0,0,0,0,0,0,0,0,0,0,0,0,0,0,0,0,0,0,0,0,0,0,0,0,0,0,0,NA,NA,NA,NA
"18","Murres",0.1694877,0.148869957803865,0,0,0,0,0,0.00000635378188687867,0,0.00014286695884405,0.00000434623516692027,0.000030920358758947,0.000000269052653190302,0.00000591915837018665,0.0011676264257721,0,0,0,0,0,0,0,0,0,0,0,0,0,0,0.000523021585231813,0.0127246217910608,0,0,0,0,0,0,0.00601179684838966,0,0,0,0,0,0,0,0,0,0,0,0,0,0,0,0,0,0,0,0,0,0,0,0,0,0,0,0,0,0,0,0,0,0,0,0,0,0,0,0,0,0,0,0,0,0,0,0,0,0,0,0,0,0,0,0,0,0,0,0,0,0,0,0,0,0,0,0,0,0,0,0,0,0,0,0,0,0,0,0,0,0,0,0,0,0,0,0,0,0,0,0,0,NA,NA,NA,NA
"19","Kittiwakes",0.07688104,0.0562661808067351,0,0,0,0,0,0.00000629683977353866,0,0.000142915774145851,0.00000438529912800014,0.0000309219810307702,0.000000224887134769238,0.0000059595090713848,0.00116761400372188,0,0,0,0,0,0,0,0,0,0,0,0,0,0,0.000522233007557296,0.0127238170395478,0,0,0,0,0,0,0.00601049085215358,0,0,0,0,0,0,0,0,0,0,0,0,0,0,0,0,0,0,0,0,0,0,0,0,0,0,0,0,0,0,0,0,0,0,0,0,0,0,0,0,0,0,0,0,0,0,0,0,0,0,0,0,0,0,0,0,0,0,0,0,0,0,0,0,0,0,0,0,0,0,0,0,0,0,0,0,0,0,0,0,0,0,0,0,0,0,0,0,0,0,0,0,0,NA,NA,NA,NA
"20","Auklets",0.1694877,0.14886834244245,0,0,0,0,0,0.00000633874239350913,0,0.000142788512864311,0.00000433703426924309,0.0000310264759261236,0.000000333618020711007,0.00000600512437279812,0.00116766307248852,0,0,0,0,0,0,0,0,0,0,0,0,0,0,0.000522941346530337,0.0127202799630883,0,0,0,0,0,0,0.00601764366759635,0,0,0,0,0,0,0,0,0,0,0,0,0,0,0,0,0,0,0,0,0,0,0,0,0,0,0,0,0,0,0,0,0,0,0,0,0,0,0,0,0,0,0,0,0,0,0,0,0,0,0,0,0,0,0,0,0,0,0,0,0,0,0,0,0,0,0,0,0,0,0,0,0,0,0,0,0,0,0,0,0,0,0,0,0,0,0,0,0,0,0,0,0,NA,NA,NA,NA
"21","Puffins",0.04,0.0193823226687861,0,0,0,0,0,0.00000633823114619122,0,0.000142864655324369,0.00000434885932658376,0.0000309200813822711,0.000000262165278552922,0.00000592185099790129,0.00116762246472682,0,0,0,0,0,0,0,0,0,0,0,0,0,0,0.000523021428313363,0.0127245841393888,0,0,0,0,0,0,0.00601179345532912,0,0,0,0,0,0,0,0,0,0,0,0,0,0,0,0,0,0,0,0,0,0,0,0,0,0,0,0,0,0,0,0,0,0,0,0,0,0,0,0,0,0,0,0,0,0,0,0,0,0,0,0,0,0,0,0,0,0,0,0,0,0,0,0,0,0,0,0,0,0,0,0,0,0,0,0,0,0,0,0,0,0,0,0,0,0,0,0,0,0,0,0,0,NA,NA,NA,NA
"22","Fulmars",0.055,0.0343927840754279,0,0,0,0,0,0.0000063345494856224,0,0.000142892818204521,0.00000438545733620012,0.0000309418378720786,0.000000243636518677785,0.00000596909470760572,0.00116762801576328,0,0,0,0,0,0,0,0,0,0,0,0,0,0,0.000523722151755818,0.0127098983629283,0,0,0,0,0,0,0.0060152,0,0,0,0,0,0,0,0,0,0,0,0,0,0,0,0,0,0,0,0,0,0,0,0,0,0,0,0,0,0,0,0,0,0,0,0,0,0,0,0,0,0,0,0,0,0,0,0,0,0,0,0,0,0,0,0,0,0,0,0,0,0,0,0,0,0,0,0,0,0,0,0,0,0,0,0,0,0,0,0,0,0,0,0,0,0,0,0,0,0,0,0,0,NA,NA,NA,NA
"23","Storm Petrels",0.12,0.0993718474215315,0,0,0,0,0,0.0000064963187527068,0,0.00014291901255955,0.0000043308791684712,0.0000307492420961455,0.00000043308791684712,0.00000606323083585968,0.00116760502381984,0,0,0,0,0,0,0,0,0,0,0,0,0,0,0.000523244634197991,0.0127252294167694,0,0,0,0,0,0,0.00602108173235167,0,0,0,0,0,0,0,0,0,0,0,0,0,0,0,0,0,0,0,0,0,0,0,0,0,0,0,0,0,0,0,0,0,0,0,0,0,0,0,0,0,0,0,0,0,0,0,0,0,0,0,0,0,0,0,0,0,0,0,0,0,0,0,0,0,0,0,0,0,0,0,0,0,0,0,0,0,0,0,0,0,0,0,0,0,0,0,0,0,0,0,0,0,NA,NA,NA,NA
"24","Cormorants",0.1587271,0.138081451458178,0,0,0,0,0,0.00000630587506914965,0,0.000142742081110751,0.00000429946027442022,0.0000309561139758256,0.000000286630684961348,0.00000601924438418831,0.00116773341053253,0,0,0,0,0,0,0,0,0,0,0,0,0,0,0.000521697387466007,0.0127538544021686,0,0,0,0,0,0,0.00601175393615588,0,0,0,0,0,0,0,0,0,0,0,0,0,0,0,0,0,0,0,0,0,0,0,0,0,0,0,0,0,0,0,0,0,0,0,0,0,0,0,0,0,0,0,0,0,0,0,0,0,0,0,0,0,0,0,0,0,0,0,0,0,0,0,0,0,0,0,0,0,0,0,0,0,0,0,0,0,0,0,0,0,0,0,0,0,0,0,0,0,0,0,0,0,NA,NA,NA,NA
"25","Gulls",0.1657822,0.145164597234741,0,0,0,0,0,0.0000063243217604101,0,0.000142824266422595,0.0000043918901113959,0.0000309189063842271,0.000000175675604455836,0.00000597297055149842,0.00116754006721349,0,0,0,0,0,0,0,0,0,0,0,0,0,0,0.000523724690293607,0.0127245734719127,0,0,0,0,0,0,0.00601115650500412,0,0,0,0,0,0,0,0,0,0,0,0,0,0,0,0,0,0,0,0,0,0,0,0,0,0,0,0,0,0,0,0,0,0,0,0,0,0,0,0,0,0,0,0,0,0,0,0,0,0,0,0,0,0,0,0,0,0,0,0,0,0,0,0,0,0,0,0,0,0,0,0,0,0,0,0,0,0,0,0,0,0,0,0,0,0,0,0,0,0,0,0,0,NA,NA,NA,NA
"26","Albatross Jaeger",0.06756634,0.0469381874215316,0,0,0,0,0,0.0000064963187527068,0,0.00014291901255955,0.0000043308791684712,0.0000307492420961455,0.00000043308791684712,0.00000606323083585968,0.00116760502381984,0,0,0,0,0,0,0,0,0,0,0,0,0,0,0.000523244634197991,0.0127252294167694,0,0,0,0,0,0,0.00602108173235167,0,0,0,0,0,0,0,0,0,0,0,0,0,0,0,0,0,0,0,0,0,0,0,0,0,0,0,0,0,0,0,0,0,0,0,0,0,0,0,0,0,0,0,0,0,0,0,0,0,0,0,0,0,0,0,0,0,0,0,0,0,0,0,0,0,0,0,0,0,0,0,0,0,0,0,0,0,0,0,0,0,0,0,0,0,0,0,0,0,0,0,0,0,NA,NA,NA,NA
"27","Sleeper shark",0.1,0.0157719181314815,0.0578363451767447,0,0,0,0,0.00043932347968762,0,0.0019995898091366,0,0.00136458149200694,0.0119606386739731,0,0.00363440436207389,0,0,0.0069931988748957,0,0,0,0,0,0,0,0,0,0,0,0,0,0,0,0,0,0,0,0,0,0,0,0,0,0,0,0,0,0,0,0,0,0,0,0,0,0,0,0,0,0,0,0,0,0,0,0,0,0,0,0,0,0,0,0,0,0,0,0,0,0,0,0,0,0,0,0,0,0,0,0,0,0,0,0,0,0,0,0,0,0,0,0,0,0,0,0,0,0,0,0,0,0,0,0,0,0,0,0,0,0,0,0,0,0,0,0,0,0,0,0,0,NA,NA,NA,NA
"28","Salmon shark",0.1,0.0864878291452435,0.00450805372988157,0,0,0,0.00000236453566503144,0.0000872565691743753,0,0.000505085630589576,0,0.0000404370286285144,0.00812366579340722,0,0.000245307567410224,0,0,0,0,0,0,0,0,0,0,0,0,0,0,0,0,0,0,0,0,0,0,0,0,0,0,0,0,0,0,0,0,0,0,0,0,0,0,0,0,0,0,0,0,0,0,0,0,0,0,0,0,0,0,0,0,0,0,0,0,0,0,0,0,0,0,0,0,0,0,0,0,0,0,0,0,0,0,0,0,0,0,0,0,0,0,0,0,0,0,0,0,0,0,0,0,0,0,0,0,0,0,0,0,0,0,0,0,0,0,0,0,0,0,0,0,NA,NA,NA,NA
"29","Dogfish",0.1,0.0102864422753564,0.0380269069941161,0,0,0,0.00000109756973202319,0.00343187748680281,0.000082535246249036,0.00095330201467858,0.000000409507817104709,0.00048178095282592,0.00317680405672427,0.0000742352219560113,0.00136717458583389,0,0,0,0,0,0,0,0,0,0,0,0,0,0,0,0,0,0,0,0,0,0,0,0,0,0,0,0,0.0230353340879079,0.0190821,0,0,0,0,0,0,0,0,0,0,0,0,0,0,0,0,0,0,0,0,0,0,0,0,0,0,0,0,0,0,0,0,0,0,0,0,0,0,0,0,0,0,0,0,0,0,0,0,0,0,0,0,0,0,0,0,0,0,0,0,0,0,0,0,0,0,0,0,0,0,0,0,0,0,0,0,0,0,0,0,0,0,0,0,0,0,NA,NA,NA,NA
"30","W. Pollock_Juv",2.1,0.158188462757117,0,0,0,0,0,0,0,0,0,0,0,0,0,0,0,0,0.000494072507677862,0,0,0.0443736052743926,0.0291373903958824,0.00049063979992833,0,0.000907514001973087,0.0029422814117804,0.000330486186186626,0,0.000994946963496577,0,0.00385240279636213,0,0.118205056283834,0.0246011753231256,0.0000943375988664422,0.0594439107541183,0.0197417631699112,0.0006095363493344,0.0000188689498445027,0.0000896200908313904,0.00077439725486895,0,0,0.00495204727571458,0.1887355945916,0.247450388533932,0.00291651634351643,0.035885788079118,0,0,0.00267765204884412,1.05472416265197,0,0.0030414700471809,0,0,0.00587279564718651,0,0.00440853489673058,0,0,0,0,0.0000655581000109431,0.00207206208851887,0.00131567628322109,0.000966198081578163,0.0241082598527271,0.0000368972752750967,0,0,0,0,0,0,0,0,0,0,0.00000523084034374652,0.0324551130037931,0,0,0.00132043436454767,0.0212845461856563,0,0,0,0,0,0,0,0,0,0,0,0,0,0,0,0,0,0,0,0,0,0,0,0,0,0,0,0,0,0,0,0,0,0,0.000414605939041619,0,0,0,0,0,0,0,0,0,0,NA,NA,NA,NA
"31","W. Pollock",0.425,0.0152735446547108,0,0,0,0,0.000000143227618996164,0.00101627172366596,0.000151814072433231,0.0000372278711257586,0.0000077556143857943,0.00330690510922614,0.0568854827381274,0.000338561060385038,0.00000583056891242098,0,0,0,0.00049407247095567,0,0,0,0,0,0,0,0.00294228176205223,0.000330486117933758,0.00537549168164045,0.00099494696005162,0.0278104844156295,0.00385240427513334,0,0,0,0,0,0,0,0,0,0,0.000497783080663461,0,0.00495204493850613,0,0.03063189528,0,0.103018596948328,0,0,0,0.208231507999654,0,0.145301248103917,0,0,0,0,0,0,0,0,0,0.0000764712702193456,0.00207206243215013,0.00131567558124876,0,0.0325771821278084,0.00151235249948788,0,0,0,0,0,0,0,0,0,0,0,0,0,0,0,0.00110518488869285,0,0,0,0,0,0,0,0,0,0,0,0,0,0,0,0,0,0,0,0,0,0,0,0,0,0,0,0,0,0,0,0,0,0,0,0,0,0,0,0,0,0,0,0,0,NA,NA,NA,NA
"32","P. Cod_Juv",2.026288,0.39418113458346,0,0,0,0,0,0,0,0,0,0,0,0,0,0,0,0,0.000494080789052928,0,0,0,0,0,0,0,0.00294228043973458,0.0000751460819134725,0,0.00024062830264745,0,0.000604119135503315,0,0.531443203535414,0.0246011728190396,0.0000943374631402501,0.0594438784008168,0.0197417557340817,0.000609535947047034,0.0000188761893845735,0.0000896202586462611,0.000774397087004342,0,0,0.00495204550636542,0,0.00643492774228657,0,0,0,0,0,0.388674004854637,0,0,0,0,0,0,0.0221717017641245,0,0,0,0,0.0000530779648426273,0.00207206101990994,0.00131567537489318,0,0.0345827967194054,0,0,0,0,0,0,0,0,0,0,0,0,0,0,0,0,0.00000577713921231236,0.530671765147184,0,0,0,0,0,0,0,0,0,0,0,0,0,0,0,0,0,0,0,0,0,0,0,0,0,0,0,0,0,0,0,0,0,0,0,0,0,0,0,0,0,0,0,0,NA,NA,NA,NA
"33","P. Cod",0.42,0.197702198776263,0.00663337040564688,0,0,0,0.000093352449794112,0.00596793628549806,0.00201306906960483,0.0250433933108693,0.0245515353117383,0.109731770061493,0.00425078341040346,0.000996382212195592,0.00115985528848782,0,0,0.00699320718298082,0.000494072711910126,0,0,0,0,0,0,0,0,0.0000751462002611648,0.0010970486479589,0.000240628534535638,0.00642981773988588,0.000604119613870175,0,0,0,0,0,0,0,0,0,0,0,0,0.00495204898153892,0,0.000161562752108518,0,0.000118479,0,0,0,0.000721685081771874,0,0.0164114897777978,0,0,0,0,0,0,0,0,0,0.0000530784858369183,0.00207206223553705,0.00131567647524308,0,0,0,0,0,0,0,0,0,0,0,0,0,0,0,0,0,0,0.000116229996764738,0,0,0,0,0,0,0,0,0,0,0,0,0,0,0,0,0,0,0,0,0,0,0,0,0,0,0,0,0,0,0,0,0,0,0,0,0,0,0,0,0,0,0,0,0,NA,NA,NA,NA
"34","Herring_Juv",1.5,0.0322098774085632,0,0,0,0,0,0,0,0,0,0,0,0,0,0,0,0,0.000494072490467574,0,0,0.0443735983049055,0.0291373869443059,0.00049063979907379,0,0.0009075140448636,0.00294228142509024,0.000648019387510317,0,0.000505279632333054,0,0.0139525287552753,0,0.000825767804097493,0.0129156820161289,0,0,0,0,0.00880988565260798,0,0.000774397547948573,0,0,0,0,0,0,0.00333492391478724,0,0,0,1.26274536133958,0,0,0,0,0,0,0,0,0,0,0,0.0000530784594652105,0.00207206152438256,0.00131567596840709,0,0.0788049351030332,0,0,0,0,0,0,0,0,0,0,0,0,0,0,0,0,0.00192525698640923,0,0,0,0,0,0,0,0,0,0,0,0,0,0,0,0,0,0,0,0,0,0,0,0,0,0,0,0,0,0,0,0,0,0,0.000761775490912365,0,0,0,0,0,0,0,0,0,0,NA,NA,NA,NA
"35","Herring",0.32,0.0668263989313271,0,0,0.0616147644444444,0,0.0000766707777777778,0.000000339,0,0,0.0000000208888888888889,0.000000164222222222222,0.0000428315555555556,0.000000381888888888889,0,0,0,0,0.000494072496741977,0,0,0,0,0,0,0,0.0029422823351859,0.000648019414440425,0.013656171959398,0.000505279787443719,0.0182672842955566,0.0139525251676536,0,0,0,0,0,0,0,0,0,0,0,0.0009225208,0.0433119937133333,0,0.00490578379704,0,0,0,0,0,0.072575835238872,0,0.0136421440377933,0,0,0,0,0,0,0,0,0,0.0000530784152012,0.00207206232848356,0.00131567624,0,0.0000200415226928889,0.00175546283329383,0,0,0,0,0,0,0,0,0,0,0,0,0,0,0,0.0003981939077666,0,0,0,0,0,0,0,0,0,0,0,0,0,0,0,0,0,0,0,0,0,0,0,0,0,0,0,0,0,0,0,0,0,0,0,0,0,0,0,0,0,0,0,0,0,NA,NA,NA,NA
"36","Arrowtooth_Juv",1.5,0.599384192645894,0,0,0,0,0,0,0,0,0,0,0,0,0,0,0,0,0.000494072590041006,0,0,0,0,0,0,0,0,0.0000751460787625927,0,0.000329967259198557,0,0.0000700119253389087,0,0,0,0,0,0,0,0,0,0,0.000177708237970879,0,0.00307143309759542,0.230539993927049,0.149387598252043,0,0.00551292279137443,0,0,0,0.36054790783529,0,0.0550761956774973,0,0,0,0,0,0,0,0,0,0.0000530957358512711,0.00261093589730158,0.00400294749859375,0,0,0,0,0,0,0.0751462141618018,0,0.0135196563873147,0,0,0,0,0,0,0,0,0,0,0,0,0,0,0,0,0,0,0,0,0,0,0,0,0,0,0,0,0,0,0,0,0,0,0,0,0,0,0,0,0,0,0,0,0,0,0,0,0,0,0,0,0,0,0,NA,NA,NA,NA
"37","Arrowtooth",0.26,0.199229210611069,0.00040165328153042,0,0,0,0.0000000510017305211454,0.00629055725763643,0.00063112274387576,0.000124835362910869,0.00000179475453878117,0.00174089872297979,0.000563993662675144,0.00137160786900688,0.000678976795339819,0,0,0,0.00049407260855441,0,0,0,0,0,0,0,0,0.0000751461894091006,0.00109704851085272,0.000329967275440597,0.00817917652676452,0.000069992551172384,0,0,0,0,0,0,0,0,0,0,0.00617159696474742,0,0.00307143160631821,0,0.000298105370060822,0,0.0070683243894789,0,0,0,0.00539227008,0,0.0100401454648519,0,0,0,0,0,0,0,0,0,0.0000530784485952812,0.00261093616527266,0.004002947036411,0,0,0,0,0,0,0,0,0,0,0,0,0,0,0,0,0,0,0.0000110587487798239,0,0,0,0,0,0,0,0,0,0,0,0,0,0,0,0,0,0,0,0,0,0,0,0,0,0,0,0,0,0,0,0,0,0,0,0,0,0,0,0,0,0,0,0,0,NA,NA,NA,NA
"38","P. Halibut_Juv",0.7,0.0971598844952897,0,0,0,0,0,0,0,0,0,0,0,0,0,0,0,0,0.000494071838324606,0,0,0,0,0,0,0,0.00294018125009506,0.0000748721669187476,0,0.0000624207917491338,0,0.0000699932001514628,0,0,0,0,0,0,0,0,0,0,0.000177430705379991,0.493281142463868,0.00307078315249836,0,0,0,0.00501362356345986,0,0,0,0.024469782982817,0,0.00707172298312122,0,0,0,0,0.0178313390230919,0.000472432903442297,0,0,0,0.0000530995129147924,0.00261093679974372,0.00400533474274981,0,0,0,0,0,0,0,0,0,0,0,0,0,0,0,0,0.0410695501150458,0,0.000071397307770549,0,0,0,0,0,0,0,0,0,0,0,0,0,0,0,0,0,0,0,0,0,0,0,0,0,0,0,0,0,0,0,0,0,0,0,0,0,0,0,0,0,0,0,0,0,NA,NA,NA,NA
"39","P. Halibut",0.19,0.0983926634117193,0.0548362432111259,0,0,0,0.00101595508782273,0.00240685737146377,0.00000663437660797781,0.0011991872432993,0.0000301130568784931,0.000961926375507809,0.000225285339979971,0.000962527125886485,0.00304997348275985,0,0,0,0.000494072645962458,0,0,0,0,0,0,0,0,0.0000751462110099742,0.00109704877024703,0.0000624208423702074,0.00153050466635882,0.0000699925629158961,0,0,0,0,0,0,0,0,0,0,0.000177708170798768,0.0136578381145518,0.00307143218898245,0,0,0,0.00000713109026415909,0,0,0,0,0,0.000002376,0,0,0,0,0,0,0,0,0,0.0000530784639149448,0.00261093668317359,0.00400294750639243,0,0,0,0,0,0,0,0,0,0,0,0,0,0,0,0,0,0,0,0,0,0,0,0,0,0,0,0,0,0,0,0,0,0,0,0,0,0,0,0,0,0,0,0,0,0,0,0,0,0,0,0,0,0,0,0,0,0,0,0,0,0,0,0,NA,NA,NA,NA
"40","YF. Sole",0.2,0.165646394127181,0,0,0,0,0.00000011769997435822,0.000845785290025348,0.0000230460753363907,0,0.000000374538132689907,0.00012243151332742,0.0000220737894767816,0,0,0,0,0,0.000494072505481174,0,0,0,0,0,0,0,0,0.0000751461451219735,0.00109704900263713,0.0000549852664555495,0.00133773426307853,0.0000699925694702721,0,0,0,0,0,0,0,0,0,0,0.00017770811648262,0,0.00307143132566927,0,0,0,0,0,0,0,0.000495654764990983,0,0.000320444328164343,0,0,0,0,0,0,0,0,0,0.000053078368597815,0.00261093536224572,0.00400294690470085,0,0,0,0,0,0,0,0,0,0,0,0,0,0,0,0,0,0,0.0194785980434716,0,0,0,0,0,0,0,0,0,0,0,0,0,0,0,0,0,0,0,0,0,0,0,0,0,0,0,0,0,0,0,0,0,0,0,0,0,0,0,0,0,0,0,0,0,NA,NA,NA,NA
"41","FH. Sole_Juv",1.1,0.559752182332525,0,0,0,0,0,0,0,0,0,0,0,0,0,0,0,0,0.000494072533697024,0,0,0,0,0,0,0,0,0.0000751463124785877,0,0.0000806719995312155,0,0.0000699928681556686,0,0,0,0,0,0,0,0,0,0,0.000177708231326119,0,0.00307143254226088,0,0.0893127708799804,0,0.073139264090127,0,0,0,0.184868547288109,0,0.00858286332750533,0,0,0,0,0,0,0,0,0,0.0000530784693015282,0.0026109359344536,0.00400294581949533,0,0,0.000162933655201904,0,0,0,0,0,0,0,0,0,0,0,0,0,0,0,0.000328787413356558,0.173216666302664,0,0,0,0,0,0,0,0,0,0,0,0,0,0,0,0,0,0,0,0,0,0,0,0,0,0,0,0,0,0,0,0,0,0,0,0,0,0,0,0,0,0,0,0,NA,NA,NA,NA
"42","FH. Sole",0.18,0.117912353273386,0,0,0,0,0,0.00572323159429094,0.00113670733577617,0.00000867186014449809,0.000000377055037863737,0.00168695073102425,0.00116315799011813,0.000118010382808238,0.00000796481432744228,0,0,0,0.000494072443576147,0,0,0,0,0,0,0,0,0.000075146181908746,0.00109704845271933,0.0000806720565809825,0.00210931333387161,0.0000699925703488409,0,0,0,0,0,0,0,0,0,0,0.000701797478840802,0,0.00307143195041242,0,0.00422089310404474,0,0.0209431390869463,0,0,0,0.00252704760392581,0,0.00974837529377943,0,0,0,0,0,0,0,0,0,0.0000530784230383333,0.00261093625437096,0.00400294773730462,0,0,0,0,0,0,0,0,0,0,0,0,0,0,0,0,0,0,0.000436682991413126,0,0,0,0,0,0,0,0,0,0,0,0,0,0,0,0,0,0,0,0,0,0,0,0,0,0,0,0,0,0,0,0,0,0,0,0,0,0,0,0,0,0,0,0,0,NA,NA,NA,NA
"43","N. Rock sole",0.2,0.147966279656575,0,0,0,0,0,0.0242971786044529,0.000229725585984537,0.0000185961359904737,0,0.00151776897871709,0.00422503542064369,0.00000731255671952621,0,0,0,0,0.000494072521755616,0,0,0,0,0,0,0,0,0.0000751462274483529,0.00109704802603161,0.000236717703276303,0.00576941967028846,0.000069992587679464,0,0,0,0,0,0,0,0,0,0,0.000177708118644826,0,0.00307143176966581,0,0,0,0,0,0,0,0,0,0,0,0,0,0,0,0,0,0,0,0.0000530784233645105,0.00261093626269962,0.00400294760796799,0,0,0,0,0,0,0,0,0,0,0,0,0,0,0,0,0,0,0.00407960414209441,0,0,0,0,0,0,0,0,0,0,0,0,0,0,0,0,0,0,0,0,0,0,0,0,0,0,0,0,0,0,0,0,0,0,0,0,0,0,0,0,0,0,0,0,0,NA,NA,NA,NA
"44","S. Rock sole",0.2,0.161569520440688,0,0,0,0,0.00000232694665574907,0.0144705663827354,0.000136816681307714,0.0000110752209008831,0,0.000903931156688175,0.00251628621245054,0.00000435510802139098,0,0,0,0,0.000494072598642584,0,0,0,0,0,0,0,0,0.0000751461556118796,0.0010970478629413,0.0002367176378244,0.00576941872171647,0.0000699924788248871,0,0,0,0,0,0,0,0,0,0,0.000177708120106234,0,0.00307143114210615,0,0,0,0,0,0,0.00000969679088916779,0,0,0.000287255436429595,0,0,0,0,0,0,0,0,0,0.000053078567750445,0.00261093601931743,0.00400294798835419,0,0,0,0,0,0,0,0,0,0,0,0,0,0,0,0,0,0,0.00242967233004743,0,0,0,0,0,0,0,0,0,0,0,0,0,0,0,0,0,0,0,0,0,0,0,0,0,0,0,0,0,0,0,0,0,0,0,0,0,0,0,0,0,0,0,0,0,NA,NA,NA,NA
"45","AK Plaice",0.2,0.171527900463084,0,0,0,0,0,0.000336433431972836,0,0,0,0.00000700931393271604,0.00000233871077716109,0,0,0,0,0,0.000494072658793934,0,0,0,0,0,0,0,0,0.0000751010865541817,0.00109727820072226,0.0000806662250983508,0.00210803696830743,0.0000699926712226997,0,0,0,0,0,0,0,0,0,0,0.000177632054110813,0,0.00307143879787402,0,0,0,0,0,0,0,0,0,0,0,0,0,0,0,0,0,0,0,0.0000532241837694836,0.00261093872601765,0.00400295236666621,0,0,0,0,0,0,0,0,0,0,0,0,0,0,0,0,0,0,0.0142849841409377,0,0,0,0,0,0,0,0,0,0,0,0,0,0,0,0,0,0,0,0,0,0,0,0,0,0,0,0,0,0,0,0,0,0,0,0,0,0,0,0,0,0,0,0,0,NA,NA,NA,NA
"46","Dover Sole",0.2,0.0384454312269572,0,0,0,0,0,0.0635965523488999,0.00341169122867395,0.0000545423830040309,0.0000013926129029118,0.00507456774834119,0.00323150752937283,0.00404832727879043,0.000995396370288706,0,0,0,0.000494072388186746,0,0,0,0,0,0,0,0,0.0000751462341301392,0.0010970481869834,0.000080672070229318,0.0021093129112839,0.0000699925845421152,0,0,0,0,0,0,0,0,0,0,0.000177708205045875,0,0.00307143232144702,0,0.0516536403278026,0,0,0,0,0,0,0,0.0155099319054945,0,0,0,0,0,0,0,0,0,0.0000530785232892292,0.00261093574193071,0,0,0,0,0,0,0,0,0,0,0,0,0,0,0,0,0,0,0,0,0,0.00413761987241385,0,0,0,0,0,0,0,0,0,0,0,0,0,0,0,0,0,0,0,0,0,0,0,0,0,0,0,0,0,0,0,0,0,0,0,0,0,0,0,0,0,0,0,NA,NA,NA,NA
"47","Rex Sole",0.2,0.0671012688623841,0,0,0,0,0.00000257436288996036,0.026054836788912,0.000810193132204359,0,0,0.000708987332425252,0.00250045325503097,0.000530152221420974,0,0,0,0,0.000494072636136063,0,0,0,0,0,0,0,0,0.0000751461566163544,0.00109704915749755,0.0000806720737420242,0.00210931300529318,0.0000699926182137953,0,0,0,0,0,0,0,0,0,0,0.00017770812265543,0,0.00307143110283001,0,0,0,0.000651413243103375,0,0,0,0.0150199760902224,0,0,0,0,0,0,0,0,0,0,0,0.0000530784272185538,0.0793916814112021,0,0,0,0,0,0,0,0,0,0,0,0,0,0,0,0,0,0,0,0,0,0,0,0,0,0,0,0,0,0,0,0,0,0,0,0,0,0,0,0,0,0,0,0,0,0,0,0,0,0,0,0,0,0,0,0,0,0,0,0,0,0,0,0,0,NA,NA,NA,NA
"48","Misc. Flatfish",0.2,0.0934401387534191,0,0,0,0,0.000103449490856559,0.044301515251324,0.00119220503204583,0.000169191064240263,0.000102257123437858,0.0373777465940931,0.00458393015535501,0.0006678988647743,0.0000773297506139288,0,0,0,0.000494072537166836,0,0,0,0,0,0,0,0,0.0000751462663747075,0.0010970489197309,0.0000621321936553104,0.00151161216615744,0.0000699927216409524,0,0,0,0,0,0,0,0,0,0,0.000177708075673407,0,0.00307143127658691,0,0,0,0.000371538459931093,0,0,0,0,0,0.000122929217495477,0,0,0,0,0,0,0,0,0,0.0000530785959247077,0.00261093610362679,0.00400294687862721,0,0,0,0,0,0,0,0,0,0,0,0,0,0,0,0,0,0.00336515276768546,0.000898611739557542,0,0,0,0,0,0,0,0,0,0,0,0,0,0,0,0,0,0,0,0,0,0,0,0,0,0,0,0,0,0,0,0,0,0,0,0,0,0,0,0,0,0,0,0,0,NA,NA,NA,NA
"49","Other skates",0.2,0.0828642484541724,0.0352289680449563,0,0,0,0,0.0109560512723984,0.0117999211331359,0.00955634316916328,0.000000664671163716327,0.00302163141582219,0.00205119755311644,0.00122651937404733,0.00486434843514625,0,0,0.00699320981504722,0,0,0,0,0,0,0,0,0,0,0,0.000450198508022594,0.0109983158992257,0,0,0,0,0,0,0,0,0,0,0,0,0,0.0190821102546517,0,0,0,0,0,0,0,0,0,0,0,0,0,0,0,0,0,0,0,0.000906272,0,0,0,0,0,0,0,0,0,0,0,0,0,0,0,0,0,0,0,0,0,0,0,0,0,0,0,0,0,0,0,0,0,0,0,0,0,0,0,0,0,0,0,0,0,0,0,0,0,0,0,0,0,0,0,0,0,0,0,0,0,0,0,0,0,0,NA,NA,NA,NA
"50","Longnose skate",0.2,0.0555164092097932,0.0591782950349796,0,0,0,0,0.0138031298680514,0.0148662901839173,0.0120396979666876,0.000000836390044063279,0.00380683732776598,0.00258423010698555,0.00154524870138382,0.00612840678151481,0,0,0,0,0,0,0,0,0,0,0,0,0,0,0.0004501981030548,0.0109983183889456,0,0,0,0,0,0,0,0,0,0,0,0,0,0.0190821019367868,0,0,0,0,0,0,0,0,0,0,0,0,0,0,0,0,0,0,0,0,0,0,0,0,0,0,0,0,0,0,0,0,0,0,0,0,0,0,0,0,0,0,0,0,0,0,0,0,0,0,0,0,0,0,0,0,0,0,0,0,0,0,0,0,0,0,0,0,0,0,0,0,0,0,0,0,0,0,0,0,0,0,0,0,0,0,NA,NA,NA,NA
"51","Big skate",0.2,0.109897919394308,0.0264455,0,0,0,0.00000675943396226415,0.00832723584905661,0.00896862735849057,0.00726338679245283,0.000000504716981132076,0.00229661698113208,0.00155903113207547,0.00093222641509434,0.0036971820754717,0,0,0,0,0,0,0,0,0,0,0,0,0,0,0.000451294968780662,0.011025116465096,0,0,0,0,0,0,0,0,0,0,0,0,0,0.0191285984171397,0,0,0,0,0,0,0,0,0,0,0,0,0,0,0,0,0,0,0,0,0,0,0,0,0,0,0,0,0,0,0,0,0,0,0,0,0,0,0,0,0,0,0,0,0,0,0,0,0,0,0,0,0,0,0,0,0,0,0,0,0,0,0,0,0,0,0,0,0,0,0,0,0,0,0,0,0,0,0,0,0,0,0,0,0,0,NA,NA,NA,NA
"52","Sablefish_Juv",1.65,1.29011266653806,0,0,0,0,0,0,0,0,0,0,0,0,0,0,0,0,0,0,0,0,0,0,0,0,0,0.0000751619686182775,0.00109711411441534,0.0057293877309234,0,0,0,0,0,0,0,0,0,0,0,0,0,0,0,0,0,0,0,0,0,0,0.349544815792971,0,0,0,0,0,0,0,0,0,0,0,0.0000531146149520725,0.00207205974694453,0.00131567949309374,0,0,0,0,0,0,0,0,0,0,0,0,0,0,0,0,0,0,0,0,0,0,0,0,0,0,0,0,0,0,0,0,0,0,0,0,0,0,0,0,0,0,0,0,0,0,0,0,0,0,0,0,0,0,0,0,0,0,0,0,0,0,0,0,NA,NA,NA,NA
"53","Sablefish",0.19,0.0279206098046546,0.00363736418398095,0,0,0,0.0000431626794879902,0.00331077985923412,0.000960439936063719,0.000347142787055447,0.00000176534388617633,0.000374549954862635,0.000397298242310518,0.00549124257815356,0.0521879410608746,0,0,0.00639853719217675,0,0,0,0,0,0,0,0,0,0.0000751461825111295,0.00109704863098384,0,0.00286368463322611,0,0,0,0,0,0,0,0,0,0,0,0,0.0802200698042995,0,0,0,0,0,0,0,0,0,0,0.00464085623344343,0,0,0,0,0,0,0,0,0,0.0000323608927985585,0,0,0,0,0,0,0,0,0,0,0,0,0,0,0,0,0,0,0,0,0,0,0,0,0,0,0,0,0,0,0,0,0,0,0,0,0,0,0,0,0,0,0,0,0,0,0,0,0,0,0,0,0,0,0,0,0,0,0,0,0,0,0,0,0,0,NA,NA,NA,NA
"54","Eelpouts",0.4,0.08,0,0,0,0,0,0.0000100258461887474,0.000000541942707049474,0.000000337258871053658,0.000000103093051341012,0.00000104642263861164,0.00000576804683336285,0.0000043644602901053,0.000000599498299464812,0,0,0.00559610562208933,0,0.0207610052998795,0,0,0,0,0,0,0,0.0000619092483480407,0.000903804585926658,0,0,0.000849569966575547,0,0,0,0,0,0,0,0,0,0,0,0,0,0,0.00922452637241067,0,0.0282948788270637,0,0,0.000236575258626808,0.173426505515297,0,0.0116793136176844,0,0,0.00466717294849818,0,0,0.00000119251142631527,0,0,0,0.000080904278514642,0.00170707038244331,0.0199050335922537,0,0.0000481060780235965,0.03691398,0,0,0,0,0,0,0,0,0,0.000000832619972082072,0.0000592138562291496,0,0,0,0,0.00555951284987688,0,0,0,0,0,0,0,0,0,0,0,0,0,0,0,0,0,0,0,0,0,0,0,0,0,0,0,0,0,0,0,0,0,0,0,0,0,0,0,0,0,0,0,0,0,NA,NA,NA,NA
"55","Grenadiers",0.15,0.102417956714182,0,0,0,0,0,0.00164417992227505,0.000122427863184447,0.000035361849798006,0,0.0000446924540015101,0.000845151302618774,0.00114317399677351,0.0371842828446149,0,0,0.00655925800796377,0,0,0,0,0,0,0,0,0,0,0,0,0,0,0,0,0,0,0,0,0,0,0,0,0,0,0,0,0,0,0,0,0,0,0,0,0,0,0,0,0,0,0,0,0,0,0.00000351504459340767,0,0,0,0,0,0,0,0,0,0,0,0,0,0,0,0,0,0,0,0,0,0,0,0,0,0,0,0,0,0,0,0,0,0,0,0,0,0,0,0,0,0,0,0,0,0,0,0,0,0,0,0,0,0,0,0,0,0,0,0,0,0,0,0,0,0,NA,NA,NA,NA
"56","Misc. fish deep",0.1850308,0.0658473766194957,0,0,0,0,0,0.0087924244053959,0.00449822655032557,0.00187178955763449,0.00142002227305878,0.00788904068440466,0.00137013088373411,0.0121714789415968,0.0143078594514899,0,0,0,0,0,0,0,0,0,0,0,0,0,0,0,0,0,0,0,0,0,0,0,0,0,0,0,0,0,0,0,0.00416421908858853,0,0.0000133773362759656,0,0,0,0.000419348902927241,0,0,0,0,0,0,0,0,0,0,0,0.000066461285409966,0,0,0,0,0,0,0,0,0.062199044019729,0,0,0,0,0,0,0,0,0,0,0,0,0,0,0,0,0,0,0,0,0,0,0,0,0,0,0,0,0,0,0,0,0,0,0,0,0,0,0,0,0,0,0,0,0,0,0,0,0,0,0,0,0,0,0,0,0,NA,NA,NA,NA
"57","POP_Juv",1.1,1.09214329050558,0,0,0,0,0,0,0,0,0,0,0,0,0,0,0,0.00699320982475288,0,0,0,0,0,0,0,0,0,0,0,0,0,0.000321706384927235,0,0.00015929855707695,0.0000447951857614923,0.0000150978969239856,0.000216755377681567,0.000027439976991436,0.0000152250839978525,0.0000116620111131742,0.0000190276290424623,0,0,0,0,0,0,0,0,0,0,0,0,0,0,0,0,0,0,0,0,0,0,0,0.0000324915661030962,0,0,0,0,0,0,0,0,0,0,0,0,0,0,0,0,0,0,0,0,0,0,0,0,0,0,0,0,0,0,0,0,0,0,0,0,0,0,0,0,0,0,0,0,0,0,0,0,0,0,0,0,0,0,0,0,0,0,0,0,0,0,0,0,0,0,NA,NA,NA,NA
"58","POP",0.09,0.0476705687952128,0.000046876343757951,0,0,0,0.0000825057717284806,0.00125745590511253,0.0024176206121452,0.000000490191005583848,0.00000107922906907601,0.000144068932678968,0.000331910696976434,0.0144483650208929,0.0000234500668317924,0,0,0.0069932036762415,0,0,0,0,0,0,0,0,0,0.000318213812064749,0.00452697071066392,0.0000554734683487579,0.00114845177227474,0.000321707475996039,0,0.000158954466582979,0.000044696215655554,0.0000150649319562309,0.000216276480176686,0.0000273793513375042,0.0000151914458255674,0.000011636245164095,0.0000189855895591992,0,0.000544739038025571,0.00103658794303391,0.00380361817734376,0,0,0,0.0000125291463603764,0,0,0,0,0,0.00427356757985813,0,0,0,0,0,0,0,0,0,0.0000323609081182696,0,0,0,0,0,0,0,0,0,0,0,0,0,0,0,0,0,0,0,0,0,0,0,0,0,0,0,0,0,0,0,0,0,0,0,0,0,0,0,0,0,0,0,0,0,0,0,0,0,0,0,0,0,0,0,0,0,0,0,0,0,0,0,0,0,0,NA,NA,NA,NA
"59","Sharpchin Rock",0.1,0.02,0.000111318077378761,0,0,0,0,0.00223247705631,0.0186236307802335,0.0000405044408316274,0.0000010513590536171,0.00266761315725975,0.000216992091014824,0.0402844124540819,0.000279964600219304,0,0,0.00563459681191909,0,0,0,0,0,0,0,0,0,0.000256392742317192,0.00364749132083119,0.0000446963221716193,0.00092533597587258,0.000259207685339221,0,0.0001280740040385,0.0000360128225342859,0.0000121382367660757,0.000174259193641043,0.0000220602059113897,0.0000122401155116003,0.0000093756043081899,0.0000152971489303093,0,0.000438909464947503,0.000835204412284648,0.00306466992549794,0,0,0,0,0,0,0,0,0,0,0,0,0,0,0,0,0,0,0,0.0000260739907237621,0,0,0,0,0,0,0,0,0,0,0,0,0,0,0,0,0,0,0,0,0,0,0,0,0,0,0,0,0,0,0,0,0,0,0,0,0,0,0,0,0,0,0,0,0,0,0,0,0,0,0,0,0,0,0,0,0,0,0,0,0,0,0,0,0,0,NA,NA,NA,NA
"60","Northern Rock",0.1,0.0353494681144699,0.000108727866361228,0,0,0,0,0.000374030250099531,0.00381791835988078,0.000000817764132434749,0,0.0000862468019876855,0.0000807682789182669,0.04085507393123,0.0000374369881559391,0,0,0.00699320342007644,0,0,0,0,0,0,0,0,0,0.000318213746270548,0.00452697074835,0.0000554734847769738,0.001148451936138,0.000321707478212438,0,0.000158954330199759,0.0000446962290060993,0.0000150649081331388,0.000216276544777434,0.0000273793595155851,0.0000151914503631794,0.0000116362486397857,0.0000189855952301038,0,0.000544739010639156,0.00103658775391927,0.00380361843674343,0,0,0,0,0,0,0,0,0,0,0,0,0,0,0,0,0,0,0,0.0000323609637870094,0,0,0,0,0,0,0,0,0,0,0,0,0,0,0,0,0,0,0,0,0,0,0,0,0,0,0,0,0,0,0,0,0,0,0,0,0,0,0,0,0,0,0,0,0,0,0,0,0,0,0,0,0,0,0,0,0,0,0,0,0,0,0,0,0,0,NA,NA,NA,NA
"61","Dusky Rock",0.1,0.0108022518537523,0.000282402766083233,0,0,0,0,0.0015375151830022,0.0110636306633942,0.000229231623640696,0.00000867589888747559,0.00237157240366184,0.00029744853902793,0.0499105107579856,0.00421691037102062,0,0,0.00698320104465092,0,0,0,0,0,0,0,0,0,0.000318213867890595,0.00452697150485311,0.0000554734463464059,0.00114845069937461,0.000321707545131807,0,0.000159051287087193,0.000044725652770562,0.0000150744613267884,0.000216418920773213,0.0000273973834930758,0.0000152014509754743,0.0000116362435747971,0.000018998093548075,0,0.000544739107734356,0.00103658868969218,0.00380361826101593,0,0,0,0,0,0,0,0,0,0,0,0,0,0,0,0,0,0,0,0.0000323822792669163,0,0,0,0,0,0,0,0,0,0,0,0,0,0,0,0,0,0,0,0,0,0,0,0,0,0,0,0,0,0,0,0,0,0,0,0,0,0,0,0,0,0,0,0,0,0,0,0,0,0,0,0,0,0,0,0,0,0,0,0,0,0,0,0,0,0,NA,NA,NA,NA
"62","Shortraker Rock",0.1,0.0386468621434721,0.000509123662533976,0,0,0,0,0.00686651481555982,0.00238834247553478,0.000243159433197722,0.0000484802164001004,0.00069650487947965,0.000712285560696066,0.0209338132520774,0.0096974256237697,0,0,0.00699320417897014,0,0,0,0,0,0,0,0,0,0.000318213849183165,0.00452697123871761,0,0.00114845187818956,0.000321707661488713,0,0.000159101438818305,0.000044739755573203,0.0000150792145755359,0.000216487161550897,0.0000274060223807913,0.0000152062442663417,0.0000116475803777984,0.0000190040839886224,0,0.000544738766843439,0.00103658668537404,0.00380361562895,0,0,0,0,0,0,0,0,0,0,0,0,0,0,0,0,0,0,0,0.0000553265480667406,0,0,0,0,0,0,0,0,0,0,0,0,0,0,0,0,0,0,0,0,0,0,0,0,0,0,0,0,0,0,0,0,0,0,0,0,0,0,0,0,0,0,0,0,0,0,0,0,0,0,0,0,0,0,0,0,0,0,0,0,0,0,0,0,0,0,NA,NA,NA,NA
"63","Rougheye Rock",0.1,0.0605168641060268,0.000239760389276167,0,0,0,0,0.00306185684926256,0.00112473641238548,0.000144738651283168,0.0000228306724115483,0.000317579727268192,0.000204099859703857,0.00985831063001851,0.00527516539248241,0,0,0.00699320372521452,0,0,0,0,0,0,0,0,0,0.000318213831893481,0.00452697099275126,0,0.00114845222291181,0.000321707344301247,0,0.000158951611395503,0.000044697623696055,0.0000150650143277284,0.000216283293416667,0.0000273802138542745,0.0000151919243933987,0.0000116366117343791,0.0000189861876518709,0,0.00054473899382478,0.0010365882233197,0.0038036170609619,0,0,0,0,0,0,0,0,0,0,0,0,0,0,0,0,0,0,0,0.0000323724342293386,0,0,0,0,0,0,0,0,0,0,0,0,0,0,0,0,0,0,0,0,0,0,0,0,0,0,0,0,0,0,0,0,0,0,0,0,0,0,0,0,0,0,0,0,0,0,0,0,0,0,0,0,0,0,0,0,0,0,0,0,0,0,0,0,0,0,NA,NA,NA,NA
"64","Shortspine Thorns_Juv",1,0.35085934817081,0,0,0,0,0,0,0,0,0,0,0,0,0,0,0,0.00699886743099244,0,0,0,0,0,0,0,0,0,0,0,0,0,0,0,0.000159057470755021,0.0000447273916347058,0.0000150750473985093,0.000216427334805834,0.0000273984486609346,0.0000152020419843562,0.000011644361541093,0.0000189988321645429,0,0,0,0,0,0,0,0,0,0,0,0,0,0,0,0,0,0,0,0,0,0,0,0.0000323658897302133,0,0,0,0,0,0,0,0,0,0,0,0,0,0,0,0.641600887579825,0,0,0,0,0,0,0,0,0,0,0,0,0,0,0,0,0,0,0,0,0,0,0,0,0,0,0,0,0,0,0,0,0,0,0,0,0,0,0,0,0,0,0,0,0,0,0,0,0,0,NA,NA,NA,NA
"65","Shortspine Thorns",0.13,0.0236940220738589,0.000624057289259166,0,0,0,0,0.0178500343869207,0.00220053331002339,0.000907835293063185,0.0000816734894181239,0.00122530503645267,0.000867880589101872,0.024788638808431,0.031270181432773,0,0,0.00699320440959354,0,0,0,0,0,0,0,0,0,0,0,0,0.00114845046462405,0,0,0.000159209825370184,0.0000447702341651912,0.0000150649471705099,0.000216634641656298,0.0000274246925090354,0.0000152166033956827,0.0000116555151965169,0.0000190170303651633,0,0.000544739339807227,0.00103658669741141,0.00380361751933118,0,0,0,0.000194276897661579,0,0,0,0.0104406265158551,0,0,0,0,0,0,0,0,0,0,0,0.0000323205266400851,0,0,0,0.00178702242995005,0,0,0,0,0,0,0,0,0,0,0,0,0,0,0,0,0,0,0,0,0,0,0,0,0,0,0,0,0,0,0,0,0,0,0,0,0,0,0,0,0,0,0,0,0,0,0,0,0,0,0,0,0,0,0,0,0,0,0,0,0,0,NA,NA,NA,NA
"66","Other Sebastes",0.1,0.02,0.000443371537571399,0,0,0,0.000715241862024922,0.000551487832028792,0.000721229446772806,0.000869976262760661,0.000000127132107574408,0.000406926250024803,0.0000898002704634874,0.00560417456257271,0.00601308542355115,0,0,0.00547241506793699,0,0,0,0,0,0,0,0,0.00230243271160065,0.000249012886490642,0.003542505073575,0.0000434097667237358,0.000898703309423785,0.000251746450255996,0,0.000124463638532316,0.0000349995123051435,0.0000117963352576846,0.000169355978313489,0.0000214394872136059,0.0000118957094533975,0.00000911179838903886,0.0000148667256422418,0,0.000426276346093873,0.000811164700132907,0.00297645852058011,0,0,0,0,0,0,0,0,0,0,0,0,0,0,0,0,0,0,0,0.0000252991870715859,0,0,0,0.0471872262154762,0,0,0,0,0,0,0,0,0,0,0,0,0,0,0,0,0,0,0,0,0,0,0,0,0,0,0,0,0,0,0,0,0,0,0,0,0,0,0,0,0,0,0,0,0,0,0,0,0,0,0,0,0,0,0,0,0,0,0,0,0,0,NA,NA,NA,NA
"67","Atka mackerel_Juv",1.9,1.26544548381339,0,0,0,0,0,0,0,0,0,0,0,0,0,0,0,0,0,0,0,0.044373613821171,0,0,0,0,0,0.0000751461959971186,0,0,0,0.00103121812068751,0,0.000159004898814582,0.0000447126082626464,0.0000150700647687077,0.000216355800882273,0.0000273893928800002,0.0000151970173800923,0.0000116405128273011,0.0000189925526388581,0,0,0,0,0,0,0,0,0,0,0.00852721439530232,0.576614421248672,0,0,0,0,0,0,0,0,0,0,0,0.0000368011003624625,0.00207206225579874,0.00131567620016921,0,0,0,0,0,0,0,0,0,0,0,0,0,0,0,0,0,0,0,0,0,0,0,0,0,0,0,0,0,0,0,0,0,0,0,0,0,0,0,0,0,0,0,0,0,0,0,0,0,0,0,0,0,0,0,0,0,0,0,0,0,0,0,0,NA,NA,NA,NA
"68","Atka mackerel",0.35,0.115431433651965,0,0,0,0,0,0.0000294990319835964,0.0313510050142348,0.0000025732360131586,0.0000012204993728081,0.00000760573315663559,0.000191425656362208,0.000474058502559264,0.0000000809705731374403,0,0,0,0,0,0,0,0,0,0,0,0,0.0000751461640018089,0.00109704869167666,0.000730203961009489,0.0177650859904678,0.0010312179613666,0,0,0,0,0,0,0,0,0,0,0,0,0,0,0,0,0.00385442041718732,0,0,0,0.114206292788119,0,0.0582824444749531,0,0,0,0,0,0,0,0,0,0.00207948147383077,0.00207206161416299,0.00131567585455309,0,0,0,0,0,0,0,0,0,0,0,0,0,0,0,0,0,0,0.00000201831245091984,0,0,0,0,0,0,0,0,0,0,0,0,0,0,0,0,0,0,0,0,0,0,0,0,0,0,0,0,0,0,0,0,0,0,0,0,0,0,0,0,0,0,0,0,0,NA,NA,NA,NA
"69","Greenlings",0.4,0.262436931595387,0,0,0,0,0.00447734186297537,0,0,0,0,0,0,0,0,0,0,0,0,0,0,0,0,0,0,0,0,0.0000751461914185221,0.00109611336341337,0.00479933078531782,0.116762674234978,0.00103122066040725,0,0,0,0,0,0,0,0,0,0,0,0.00588044067989085,0,0,0,0,0,0,0,0,0,0,0,0,0,0,0,0,0,0,0,0,0.0000530599475149735,0.00207206512062644,0.00131567555791223,0,0,0,0,0,0,0,0,0,0,0,0,0,0,0,0,0,0,0,0,0,0,0,0,0,0,0,0,0,0,0,0,0,0,0,0,0,0,0,0,0,0,0,0,0,0,0,0,0,0,0,0,0,0,0,0,0,0,0,0,0,0,0,0,NA,NA,NA,NA
"70","Lg. Sculpins",0.4,0.17629166256064,0.00273113051367287,0,0,0,0.0000266287390798713,0.0108926382207516,0.00207095289349168,0.00237863639120002,0.00213097527967826,0.0244108775400891,0.00283608390466036,0.00255160675284752,0.0000191156747520424,0,0,0,0,0,0,0,0,0,0,0,0,0.0000751462404724586,0.00109704844124944,0.00150070614426805,0.036543166071424,0.000818011370382997,0,0,0,0,0,0,0,0,0,0,0,0.00588043923802745,0,0,0,0,0,0,0,0,0.00000227012395017077,0.00352338453060348,0.0288758680917818,0,0,0,0,0,0,0,0,0,0.00317589762602243,0.00207206217107848,0.00131567589959045,0,0.0406425475843228,0,0,0,0,0,0,0,0,0,0,0,0,0,0,0,0.0444644519959629,0.003673016,0,0,0,0,0,0,0,0,0,0,0,0,0,0,0,0,0,0,0,0,0,0,0,0,0,0,0,0,0,0,0,0,0,0,0,0,0,0,0,0,0,0,0,0,0,NA,NA,NA,NA
"71","Other sculpins",0.4,0.08,0,0,0,0,0,0,0,0,0,0,0,0,0,0,0,0,0,0.0220899374696277,0,0,0,0,0,0,0,0.000065872144052028,0.000961657897413028,0.0000192571681665676,0.000468506431044299,0.000717057900774073,0,0,0,0,0,0,0,0,0,0,0,0.00515471469792647,0,0,0.0109591115012781,0.0458656261940476,0.115926423429654,0,0,0.000368628774429621,0.0357089221750427,0.000659187787186914,0.0111399259687062,0,0,0.0122417638056586,0.0000575381917947128,0.00270954635130088,0,0,0,0,0.0011469988208184,0.00181634150400116,0.00115330360469529,0,0.00842741538108112,0.0334863892350986,0,0,0,0,0,0,0,0,0,0,0.000372256823083178,0,0,0.000247105460629724,0.00388145201760864,0.00435505926483526,0,0,0,0,0,0,0,0,0,0,0,0,0,0,0,0,0,0,0,0,0,0,0,0,0,0,0,0,0,0,0,0,0,0,0,0,0,0,0,0,0,0,0,0,0,NA,NA,NA,NA
"72","Misc. fish shallow",0.4,0.08,0,0,0,0,0.0000017953783858118,0.000301573660885875,0.000161729025378346,0.0000674595990400208,0.0000514556704954766,0.000285402421945724,0.0000408953900568575,0.000429204637514108,0.000133375260601264,0,0,0,0,0.0167268068871868,0,0.0294535664600707,0.0193403331674364,0,0,0,0,0.0000498793145729359,0.000728180525500111,0.000587434977081502,0.0143558532788981,0.00661751017595162,0,0,0,0,0,0,0,0,0,0,0.000314603782729438,0.00390322173899418,0.00328698755357561,0,0.0265630861205412,0,0.0159912090817858,0,0,0,0.0566115410152306,0.00000537540965764959,0.0044008815104603,0,0,0,0,0.000192396322804943,0,0,0.00387678810303448,0,0.000726556198241554,0.00137535895978824,0.0023512184793346,0,0.0024078028463485,0.00249710124337324,0,0,0,0.00030868857268858,0,0,0,0.0000021523051914697,0.00000000488285526820726,0,0.000012301857409662,0,0,0,0,0.00401122143346438,0.10182904675148,0,0,0,0,0,0,0,0,0,0,0,0,0,0,0,0,0,0,0,0,0,0,0,0,0,0,0,0,0,0,0,0,0,0,0,0,0,0,0,0,0,0,0,0,NA,NA,NA,NA
"73","Octopi ",0.8,0.16,0,0,0,0,0,0.0000314634712233226,0.000000528169000362238,0.0000212381756597585,0.000314537623284019,0.0000331770464058977,0.0000104720473198486,0.00000832995042470064,0.0000062968387531682,0,0,0,0,0,0,0,0,0,0,0,0,0,0,0.000132834361056987,0.00324862959351222,0.000674110020814951,0,0,0,0,0,0,0,0,0,0,0.00313604842610373,0,0.00992419630059871,0,0.0262364620704408,0,0.0898734935299425,0,0,0,0.00000163576665188911,0.00000133713469267296,0.061012930741413,0,0,0,0,0,0,0,0,0.000337277444570682,0.00124323649685468,0,0.00140111712527458,0,0.0532585081664422,0,0.376148377416549,0.00377922571249552,0,0.00537872232291205,0,0,0,0,0,0.00000320487601944589,0.000517553027679032,0,0,0,0,0.00326505614386281,0,0,0,0,0,0,0,0,0,0,0,0,0,0,0,0,0,0,0,0,0,0,0,0,0,0,0,0,0,0,0,0,0,0,0,0,0,0,0,0,0,0,0,0,0,NA,NA,NA,NA
"74","Squids",3.2,0.64,0,0,0,0,0,0.0000655371426830031,0.00000070355816592603,0,0,0.00000317411361297512,0.000134321118169258,0.0000676423632415105,0.00000140300611674947,0,0,0.20022070491167,0.000381025425009689,0.24771580388888,0,0.00528891085914068,0,0.00219981348392549,0,0.000290635356299694,0.00995836395770615,0.00126820455542202,0.0180417239840746,0.00010570462251675,0.00258513793713665,0.000536431666942906,0.00354396673451099,0.00949151331853476,0.000558120573170858,0.0000192172147802449,0.0142710050455148,0.0277290698111374,0.0159368410487451,0,0,0.00684410096529829,0.000334830516136367,0.0114846544351271,0.00388882159260784,0,0.106154873927957,0,0.0125287527953699,0,0,0,0.0199470623358789,0,0.00305802663853639,0,0,0,0,0,0,0,0,0,0.00234015266597673,0,0,0.000824294572237129,0.160739383023209,0,0.0436545163989986,0.0173258367870975,0,0.00321135704964841,0,0.000126924787320785,0.00000432383720913926,0.00521657145277139,0,0,0.0000180023200036496,0,0,0,0,0.00000962522923727851,0,0,0,0,1.60161207239841,0,0,0,0,0,0,0,0,0,0,0,0,0,0,0,0,0,0,0,0,0,0,0,0,0,0,0,0,0,0.000260840573818211,0,0,0,0,0,0,0,0,0,0,NA,NA,NA,NA
"75","Salmon returning",1.815861,0.946853808169935,0,0,0,0.372927159773523,0,0.0000603710710457607,0.00000192894560079231,0.00000000105062396557315,0,0.0000520107892077105,0.000606793708116584,0.000127734861734384,0.00000202046662179335,0,0,0,0.000494072582026524,0,0,0.044373604459658,0.0291373837688101,0.000490639720830496,0,0.00090751393351171,0,0.000576301347819575,0.00819857348481311,0.00348320537651571,0.0851705716147949,0.00268081868661638,0,0,0,0,0,0,0,0,0,0,0.00277539547761295,0.0959530236607521,0,0,0,0,0,0,0,0,0.211306266010401,0,0.00629406355084892,0,0,0,0,0,0,0,0,0,0,0.00207206186615191,0.00131567562241882,0,0,0,0,0,0,0,0,0,0,0,0,0,0,0,0,0,0,0,0,0,0,0,0,0,0,0,0,0,0,0,0,0,0,0,0,0,0,0,0,0,0,0,0,0,0,0,0,0,0,0,0,0,0,0,0,0,0,0,0,0,0,0,0,NA,NA,NA,NA
"76","Salmon outgoing",1.641523,1.47213091051086,0,0,0,0,0,0,0,0,0,0,0,0,0,0,0,0,0.000494072820799004,0,0,0.0443735625430014,0.0291373567222839,0.000490640970795899,0,0.000907514150864514,0,0.0000751489484401924,0.00109792182286135,0.00348320364745959,0.085170529340816,0,0,0,0,0,0,0,0,0,0,0.000774396703259502,0,0,0,0,0,0,0,0,0,0,0,0,0,0,0,0,0,0,0,0,0,0,0,0.00207206254361606,0.00131567927492955,0,0,0,0,0,0,0,0,0,0,0,0,0,0,0,0,0,0,0,0,0,0,0,0,0,0,0,0,0,0,0,0,0,0,0,0,0,0,0,0,0,0,0,0,0,0,0,0,0,0,0,0,0,0,0,0,0,0,0,0,0,0,0,0,NA,NA,NA,NA
"77","Bathylagidae",0.8,0.16,0,0,0,0,0,0,0,0,0,0,0,0,0,0,0,0,0.000472916624581755,0.0081676653431657,0,0,0,0,0,0,0,0.0000719283557357935,0.00105007516334656,0.000409326472636105,0.00995848047584462,0,0.00100408657571356,0,0,0,0,0,0,0.000917873639133727,0,0.000741238180196693,0,0,0,0,0.00099865928601515,0,0,0,0,0,0.015986649238262,0,0,0,0,0,0,0,0,0,0,0,0.00262706592808743,0.00198333734099465,0,0,0,0,0.581636760951979,0.00584380153391838,0,0,0,0,0,0.00361827057592861,0,0,0,0,0,0,0,0,0,0,0,0,0,0,0,0,0,0,0,0,0,0,0,0,0,0,0,0,0,0,0,0,0,0,0,0,0,0,0,0,0,0,0.00451186431425369,0,0,0,0,0,0,0,0,0,0,NA,NA,NA,NA
"78","Myctophidae",0.8,0.16,0,0,0,0,0,0,0,0,0,0,0,0.00000000267176738245239,0,0,0,0,0.000382625811600563,0.00660826667582017,0,0,0,0,0,0,0,0.0000581956599485949,0.000849589998412252,0.0000262190515720891,0.000642431952495734,0,0.000812383079386981,0.000639502120965295,0.0100023264183884,0,0,0,0,0.000742630370984311,0,0.000599718683790934,0,0,0,0,0.00870011568354903,0,0.00175810024651408,0,0,0.0000535524530552994,0.0217076473441807,0,0,0,0,0,0,0,0,0,0,0,0.0000384668228247472,0.00160467223356707,0,0,0.0220741316307279,0,0,0,0,0.0302458586965905,0,0,0,0.00151086581402315,0,0,0.0000369709009183275,0,0,0,0,0,0,0,0,0.530387088481147,0,0,0,0,0,0,0,0,0,0,0,0,0,0,0,0,0,0,0,0,0,0,0,0,0,0,0,0,0,0,0.00051863719777017,0,0,0,0,0,0,0,0,0,0,NA,NA,NA,NA
"79","Capelin",0.8,0.16,0,0,0,0,0.000000404653578566587,0.000000659380318906399,0.000000000818865551387553,0,0.0000000319208680395439,0.0000000259654822112708,0.0000272479447724603,0.00000000702735527736227,0,0,0,0,0.000377263729097313,0.00651565654565645,0,0.0338827798388481,0.0222487103190991,0.000374642439294835,0,0.000692959032356325,0.00224666570245697,0.00139652384117934,0.0198672107056999,0.0000220089412416158,0.000538619441364643,0.0000237062771537903,0.00104397484781848,0.0107254603511025,0.00410768351592981,0.000157851127095882,0.0278606710133597,0.000353656502578832,0.000115265895492989,0.000732222651158243,0.00329952594269706,0.000591313964590848,0,0,0,0,0.137915385521349,0,0.016006706782503,0,0,0.0197399358960731,0.271091063232193,0,0.00454898485206805,0,0,0.0000456847919098686,0,0,0,0,0,0,0.0000371413971602627,0.0015821833096461,0.00100462312924555,0.00000962496079539959,0.00011415678840073,0.0000819696186755931,0,0,0,0,0,0,0,0,0,0,0.0000000632937118453112,0,0,0,0,0.000325561498938679,0,0,0,0.0502450326577328,0,0,0,0,0,0,0,0,0,0,0,0,0,0,0,0,0,0,0,0,0,0,0,0,0,0,0,0,0,0,0.0000491319330832532,0,0,0,0,0,0,0,0,0,0,NA,NA,NA,NA
"80","Sandlance",0.8,0.16,0,0,0,0,0,0,0,0,0,0.000000197151893336296,0.00000000637062612749426,0.00000000350173489127168,0,0,0,0,0.000384544232381275,0.00664139765707689,0,0.0345366625143167,0.0226780777638406,0.000381872413836487,0,0.000706332026791353,0.0022900233566732,0.00354077992298794,0.0503717992700656,0.000278444508316237,0.00680434626479589,0.000193775006817324,0.000816456058241865,0.0109324431430376,0.00418695792200465,0.000160897460889302,0.0283983315122257,0.00036048133329023,0.000117490346209674,0.00536711964800931,0.00336320079875493,0.000602725291565814,0,0,0.0012659413170874,0,0.106555930089469,0.0107484489920978,0.0161902321387029,0,0,0.0169924867597682,0.128444142302043,0.0000115978938492194,0.0149192912592076,0,0,0,0.00115419063158525,0.00340553572296442,0.000090976879270706,0,0,0,0.0000378581577578345,0.00161271739581618,0.0108522812792319,0,0.000119378939489669,0,0,0,0,0,0,0,0,0,0,0,0,0.00101676146095739,0,0.000246048115310273,0,0.000702785120729579,0,0,0,0.142379804464161,0,0,0,0,0,0,0,0,0,0,0,0,0,0,0,0,0,0,0,0,0,0,0,0,0,0,0,0,0,0,0.000139225604110802,0,0,0,0,0,0,0,0,0,0,NA,NA,NA,NA
"81","Eulachon",0.8,0.16,0,0,0,0,0.0000114797923257203,0.00000383334873348036,0.00000000476052610958769,0,0.000000185573963253746,0.000000150951955184017,0.000158407631511793,0.0000000408539695222799,0,0,0,0,0.000350237645717276,0.00604889635689005,0,0.031455517759923,0.0206548882755499,0.000347804263230251,0,0.000643317745743459,0.00208572197284138,0.0000532695739584562,0.00077767444249571,0.0000319400796163226,0.000782090792057281,0.0000220080207771642,0.000743617057053802,0.00995712366916916,0.00381342114823816,0.000146543224838413,0.0258648279541588,0.000328321695267697,0.000107008598268815,0.000679768507222429,0.00306315805049513,0.000548954058227808,0,0,0.00854024934708223,0,0.0693697893480169,0,0.00474434748284954,0,0,0,0.151246278707924,0,0.0000350168469015641,0,0,0,0,0,0.00000327856522089162,0,0,0,0.0000344807302033794,0.00146884109244101,0.00093265489976864,0,0.0025550426403028,0,0,0,0,0,0,0,0,0,0,0,0,0,0,0,0,0.00000153438320020738,0,0,0,0.292102640584789,0,0,0,0,0,0,0,0,0,0,0,0,0,0,0,0,0,0,0,0,0,0,0,0,0,0,0,0,0,0,0.000285631566575262,0,0,0,0,0,0,0,0,0,0,NA,NA,NA,NA
"82","Oth. managed forage",0.8,0.16,0,0,0,0,0,0.00000386034492181094,0,0.00000201536937231645,0,0,0.00000159849303769858,0.0000000293565015470395,0,0,0,0,0.000360692441847077,0.00622945843755975,0,0.0323944844491702,0.021271446888636,0.000358186442197813,0,0.000662521043468975,0.00214798165232123,0.000054859678388962,0.000800888534703591,0.0000820516850174309,0.00200234132763975,0.0000226649754557877,0.000765814425111324,0.0102543483694822,0.00392725427666907,0.000150917615736269,0.0266369084917126,0.000338122300539608,0.000110202875947879,0.000700060108493532,0.00315459362555134,0.000565340659458964,0,0,0,0,0.0785106467168452,0.000415152556463355,0.0216011728423222,0,0,0.000501979848269709,0.152097342380263,0,0.00182188301549268,0,0,0.0000384352333734747,0,0.000249844904199671,0,0,0,0,0.0000355099967488887,0.00151268719520611,0.000960495686344472,0,0.0000281656432311137,0.0180200760128258,0,0,0,0.00733472167130207,0,0,0,0,0,0,0.0000264345651031825,0,0,0,0,0.00716876855441707,0,0,0,0.23644683058524,0,0,0,0,0,0,0,0,0,0,0,0,0,0,0,0,0,0,0,0,0,0,0,0,0,0,0,0,0,0,0.000231208723401504,0,0,0,0,0,0,0,0,0,0,NA,NA,NA,NA
"83","Oth. pelagic smelt",0.8,0.16,0,0,0,0,0.00000413570721256219,0.0000015378430703505,0.00000000187503727333937,0,0.0000000745327316152398,0.0000000606262051713061,0.0000635478257493811,0.0000000164065761417194,0,0,0,0,0.00031446442791969,0.00543106190148598,0,0.0282426519696649,0.0185451950409591,0.000312279561462186,0,0.000577609410675265,0.00187268615696209,0.0000478286440819544,0.000698243102066798,0.000514734593774149,0.0126085096109,0.0000197601670345614,0.000667664125493579,0.00894010391433795,0.00342391915754454,0.000131575352069972,0.0232229894050834,0.000294786916218217,0.0000960787591751706,0.000610336775157297,0.00275028800495032,0.000492883977159971,0,0,0,0,0,0,0,0,0,0,0,0,0,0,0,0,0,0,0,0,0,0,0.0000309588318652991,0.00131881373398096,0.000837393790065976,0,0,0,0,0,0,0,0,0,0,0,0,0,0,0,0,0,0,0.0000950418017994736,0,0,0,0.527317130801365,0,0,0,0,0,0,0,0,0,0,0,0,0,0,0,0,0,0,0,0,0,0,0,0,0,0,0,0,0,0,0.000515635250168325,0,0,0,0,0,0,0,0,0,0,NA,NA,NA,NA
"84","Bairdi",1,0.2,0,0.00514026497840494,0,0,0.000140461947899472,0.0000869069267862426,0.000000628318635938302,0.000000554425354442324,0.0000525242775593271,0.0000747792483965209,0.0000160315311840306,0.000017158290855233,0.0000249095606382275,0,0,0,0,0,0.000805987637877092,0,0,0,0,0,0,0,0,0,0,0.00000400907424226012,0,0,0,0,0,0,0,0.0000185395346683666,0,0,0,0,0.000192522350026056,0.0029834383031194,0.0136619159101885,0.00681965869549046,0.396621403940882,0,0,0,0.0000721060787917342,0,0.15995822032322,0.000353689059919701,0.0412317740455423,0.0353769370823824,0.0000780461258606471,0.00503476283335843,0.000265302763859839,0.00292172586797661,0.000997014420357298,0,0.00165734415542904,0,0,0.0000173603663724447,0.0121770099356639,0,0,0,0,0.0000513622430252308,0,0.0000853120447189171,0,0,0.000000000841038641628206,0,0.00107513626366042,0,0,0,0,0.0118091311667939,0.091479133227901,0,0,0,0,0,0,0,0,0,0,0,0,0,0,0,0,0,0.00869693620189945,0,0,0,0,0,0,0,0,0,0,0,0,0,0,0,0,0,0,0,0,0,0,0,0,0,0,NA,NA,NA,NA
"85","King Crab",0.6,0.0563691732284855,0,0.00184777142307283,0,0,0.00979605417359777,0.000390249246532391,0.0000022105834282313,0.00000105652884437525,0.0000255354894540542,0.0000382951070361245,0.0000280549043906413,0.000330693528289454,0.000305726938982371,0,0,0,0,0,0.000820306600783597,0,0,0,0,0,0,0,0,0,0,0.00000407804576826099,0,0,0,0,0,0,0,0.0000188770020457649,0,0,0,0,0.000195969409848994,0,0,0,0.000509668609682811,0,0,0,0,0,0.0221864736915215,0,0,0,0,0,0,0,0,0,0.000222331748756791,0,0,0,0,0,0,0,0,0,0,0,0,0,0,0,0.00000722615390666982,0,0,0,0,0.506900247585506,0,0,0,0,0,0,0,0,0,0,0,0,0,0,0,0,0,0,0,0,0,0,0,0,0,0,0,0,0,0,0,0,0,0,0,0,0,0,0,0,0,0,0,0,0,NA,NA,NA,NA
"86","Misc. crabs",0.8200002,0.164096235440273,0,0,0,0,0.0000163922765466852,0.00000699646901635889,0.000000665840970442746,0.0000000198585167778337,0.0000123573394929575,0.00000932525753651035,0.0000000197423851007704,0.000000770359479799766,0.000000032052342869486,0,0,0,0,0,0.000704220831390214,0,0,0,0,0,0.0521763338596381,0,0,0,0,0.00000350212641151497,0,0,0,0,0,0,0,0.000016198639903138,0,0,0,0,0.0104853448643322,0.00811153432509486,0.00897937870005452,0.000676994990922091,0.0879942393001427,0,0,0,0.000314369860373723,0.00144145409179302,0.118751100436284,0.000832432318810487,0,0.00644224269590241,0.00399590894424925,0.0146182797806749,0.00000483429021282872,0.00836396909981111,0.00282706143936272,0,0,0,0.000123099577687156,0.000491182980589615,0.00351331069404462,0.122357706286763,0,0,0,0.0000103010328912154,0,0,0.000000795222787009278,0,0,0,0.000100882745663541,0,0,0.00384492358007575,0.0000570811855847375,0.00200872660865274,0.0191347601703357,0,0.165685896376909,0,0,0,0,0,0,0,0,0,0,0.0115749332585557,0.000214340357557821,0.0000000446899782,0,0,0,0,0,0,0,0,0,0,0,0,0,0,0,0,0,0,0,0,0,0,0,0,0,0,0,0,0,NA,NA,NA,NA
"87","Pandalidae",0.576,0.1152,0,0,0,0,0.00000576355924221999,0.000000226153623552674,0.000000159338500514048,0,0,0.0000000111750480318017,0.0000000189731244782357,0.000000100584838892303,0,0.0000123710979958115,0,0,0,0,0.000810820771117056,0,0,0,0,0,0,0,0,0,0,0.00000403226618974262,0,0,0,0,0,0,0,0.0000186506792902628,0,0,0,0,0.00192492724355248,0.00511547210995641,0.203228420671758,0.0000727051261220878,0.0276066946071519,0,0,0.00344097823048488,0.0766846853128521,0.000263284273579979,0.00101297599640561,0,0.00183146319143002,0.0553421748675947,0,0,0,0,0.00111960956672126,0,0.000353410330796251,0,0,0,0.00412245737239252,0,0.0196573979246979,0.000197501138134521,0,0.00123102329979879,0.0000556343095889668,0,0.0000268602926038662,0.0134651559216996,0.0309204447874455,0.0000141106736207402,0.00100060685976503,0,0,0,0,0.000124761678730939,0.00678868306224252,0.00407460884703115,0,0,0,0,0,0,0,0,0,0,0,0,0,0,0,0,0.000271797704870992,0,0,0,0,0,0,0,0,0,0,0,0,0,0,0,0,0,0,0,0,0,0,0,0,0,0,NA,NA,NA,NA
"88","NP shrimp",0.576,0.1152,0,0,0,0,0,0.000000192516745616826,0.000000135639345894826,0,0,0.00000000951293127829586,0.0000000161511636265343,0.0000000856243890225738,0,0,0,0,0,0,0.000792750808833232,0,0,0,0,0,0,0,0,0,0,0.00000394240321132158,0,0,0,0,0,0,0,0.0000182350322368867,0,0,0.000000424005760605886,0,0.000189360324833217,0.0498784084209963,0.13595428437919,0.0146160655990876,0.0248073455437624,0,0,0.00100103806565873,0.0115465386403326,0.00071843376679628,0.000479025240904521,0.00216738605181011,0.00845607463858073,0.0104306762013029,0.000338927204063338,0.00251402058544827,0.000000138813913558623,0.000694339840017575,0.00127946412466,0,0.0000690734786339384,0.000167275249071254,0.0074920467254999,0,0.000571769892603139,0.00233173858313372,0.0974138575536449,0.00268951746624679,0,0.000705753967587088,0.00174141349554784,0.000206685681319195,0.000922603776710999,0.000296689898554144,0.00000164521061684253,0.00000916239865669245,0.000712303735093583,0.00205993945774517,0,0.000000556821033278535,0.000764238762979543,0.00270204344153526,0.0690026184884457,0.00482037480844982,0,0,0,0,0,0,0,0,0,0,0,0,0,0,0,0,0.000231371970901447,0,0,0,0,0,0,0,0,0,0,0,0,0,0,0,0,0,0,0,0,0,0,0,0,0,0,NA,NA,NA,NA
"89","Sea stars",1.21,0.614926178617733,0.000175912537980866,0,0,0,0,0.00367854119134421,0.00166364648352377,0.0122065895304668,0.0121321453050608,0.00246537816919007,0.0000443285902027974,0.000153607955904663,0.0000992614100160084,0,0,0,0,0,0.000820307783519955,0,0,0,0,0,0,0,0,0,0,0,0,0,0,0,0,0,0,0,0,0,0,0,0.00019584120406426,0,0.466955249604846,0,0.0692308110694556,0,0,0,0,0,0.0000708821666883553,0,0,0,0,0.00350437639079931,0.00000000626455631783962,0.0197999759022845,0,0,0,0,0,0,0.000231023289113972,0,0,0,0,0,0,0,0,0,0,0,0,0,0,0,0,0.000100127674673249,0,0,0,0,0,0,0,0,0,0,0,0,0,0,0.00154580885857806,0,0,0,0,0,0,0,0,0,0,0,0,0,0,0,0,0,0,0,0,0,0,0,0,0,0,0,0,0,0,NA,NA,NA,NA
"90","Brittle stars",1.21,0.966051123665696,0,0,0,0,0,0,0,0,0,0,0,0,0,0,0,0,0,0,0.000820309995193742,0,0,0,0,0,0,0,0,0,0,0,0,0,0,0,0,0,0,0,0,0,0,0,0.000195943196825693,0,0,0,0.000210888171184966,0,0,0,0.0000147105244082279,0,0.0000536231770634423,0.00441079330764096,0.00566241647772475,0.049959088360662,0.00720709937847822,0.0161546081335188,0.0000109156368496536,0.0448839028956116,0.00154140439680186,0.0057724076727031,0.0000375983738928671,0,0,0,0.000000266039173723009,0.0854350555828893,0,0,0,0,0,0,0,0,0,0,0,0,0,0,0,0.0000039946500856224,0.0000687761515344161,0,0,0,0,0,0,0,0,0,0,0,0,0.0175475890485711,0.000142161162987583,0.0000000674391895491935,0,0,0.00381525656131431,0,0,0,0,0,0,0,0,0,0,0,0,0,0,0,0,0,0,0,0,0,0,0,0,0,0,NA,NA,NA,NA
"91","Urchins dollars cucumbers",0.61,0.394736952077039,0,0,0,0,0.0000011987055206674,0.0000208970241445657,0.00000064993752015726,0.0000000180878838156973,0.000000920519999068014,0.0000212399581587393,0.000000258319506832315,0.00000247650721124073,0.00000000515044827294433,0,0,0,0,0,0.000820310426749101,0,0,0,0,0,0.0607775969446847,0,0,0,0,0,0,0,0,0,0,0,0,0,0,0,0,0,0.000497247287737151,0,0.000531510447316432,0,0.0000298654034824388,0,0,0,0,0,0.00118560013974748,0.00639227802650764,0,0,0.0271880286126287,0.0556448084879755,0.000272184649525484,0.0348989892932984,0,0,0,0,0,0,0.0000170600035274439,0,0,0,0,0,0,0,0,0,0,0,0,0,0,0,0,0.00000231079227874226,0,0,0,0,0,0,0,0,0,0,0,0,0,0.0244451965129249,0.0025123027359917,0.0000000939481906397089,0,0,0,0,0,0,0,0,0,0,0,0,0,0,0,0,0,0,0,0,0,0,0,0,0,0,0,0,0,NA,NA,NA,NA
"92","Snails",1.81,0.362,0,0,0,0,0.00000037877780972225,0,0,0,0,0,0,0,0,0,0,0,0,0,0.000795727139877201,0,0,0,0,0,0,0,0,0,0,0,0,0,0,0,0,0,0,0,0,0,0.000428822603860063,0,0.000190071168791288,0,0.0013695596972327,0,0.01632177234269,0,0,0,0.0000000288203806429251,0,0.00461782208890093,0.00061488020767529,0,0.0038467687191382,0.0078713255424333,0.000159906535169623,0.000118951852818274,0,0.00271246296088667,0.00065809698786487,0,0,0,0,0.000943153208511038,0,0,0,0,0,0,0.000131136250442132,0.00000752339441766417,0,0,0,0.00000875428260389039,0,0,0.00964210912041998,0.0000010949104035882,0.000282334046381919,0,0,1.32047652319922,0,0,0,0,0,0,0,0,0,0,0.0691870640157765,0.00427060202947777,0.000000266309338717402,0,0,0.00334286378745523,0,0,0,0,0,0,0,0,0,0,0,0,0,0,0,0,0,0,0,0,0,0,0,0,0,0,NA,NA,NA,NA
"93","Hermit crabs",0.82,0.164,0,0,0,0,0,0,0,0,0,0,0,0,0,0,0,0,0,0,0.000815260320685604,0,0,0,0,0,0,0,0,0,0,0.00000405434276063241,0,0,0,0,0,0,0,0,0,0,0.0000015329884768097,0,0.000194737012729718,0.228760119297024,0.0641834193109419,0.0202387869908311,0.089026166435022,0,0,0,0.0000411087022482247,0.00269507958460611,0.0500335026239335,0.0149553488854383,0.0158636662039598,0.018931457013867,0.00123206579068626,0.00421060802318702,0.000000934015336206074,0.00000687807788035713,0.0000130467245666059,0,0.0000987388000381275,0,0,0.0000250473591614113,0.00369760742152992,0.00154694113821492,0,0,0,0.000191402261461964,0.00000166652143210564,0.0000246117913102287,0.0475400444222802,0,0.000000000104689061029159,0,0.000588287375091025,0,0,0.000766817418592758,0,0.000987012578579416,0,0,0.0826094806215235,0,0,0,0,0,0,0,0,0,0,0.00577115642083915,0.000106868152336899,0.0000000222820165676077,0,0,0.000836522986720341,0,0,0,0,0,0,0,0,0,0,0,0,0,0,0,0,0,0,0,0,0,0,0,0,0,0,NA,NA,NA,NA
"94","Misc. Crustacean",7.4,1.48,0,0,0,0,0,0,0,0,0,0,0,0,0,0,0,0,0,0,0.000791345835555856,0,0,0,0,0,0,0,0,0,0,0,0.0000754367794156778,0.000941061290594433,0.000145881665086714,0.00000926813646231887,0.0132774948313049,0.00000192025913068505,0.0000149192356164448,0.00001820271937422,0.0000213090343287154,0,0,0,0.00010888405339659,0.00243728135641723,0.0094253285443292,0.00207121771433938,0.00539059571904041,0,0,0.0000275038448017379,0.000539909240190425,0,0.000332578469286118,0.00119090867453151,0,0.00153452165240394,0.00284803038678053,0.0183706815553041,0.00002296920941251,0.000354549283361234,0.00320930941356659,0.162661749704672,0.000243057077173884,0,0.000189758921149803,0.0000200052583720572,0.0000252051810994771,0.00510705268555766,0,0,0,0.000012503833149513,0.00000210818721361963,0,0.00000122534225335935,0,0.000000015889259898201,0,0.000185771394180637,0.0065513886631418,0,0.0000249382016859084,0.00000628507821871765,0.0000630212736690564,0.0110961335151556,0,0,0,0,0,0,0,0,0,0,0,0,0.00446071158161592,0.000165203633404823,0.0000000170644796017795,0,0,0,0,0,0,0,0,0,0.0248577109906854,0.0000668581837754972,0.0308651246551727,0.245138093091022,0.0000141537409318187,0.0300697961174726,5.33501100183147,0,0,0,0,0,0,0,0,0,0,0,0,0,NA,NA,NA,NA
"95","Benthic Amphipods",7.4,1.48,0,0,0,0,0,0,0,0,0,0,0,0,0,0,0,0,0,0,0.0717561206930589,0,0,0,0,0,0,0,0,0,0,0,0,0,0.000144974368630649,0.00000921049229400043,0,0.00000190868111423506,0.0000148264510672808,0.0000180895044081891,0.0000211765053379472,0,0,0,0.000249780356751181,0.0841718361229025,0.203915807959655,0.0805753591061728,0.0124800066769004,0,0.0000201825319440744,0.000150526847907868,0.000649497895472355,0.000754605197666309,0.00000498637754013231,0.00087535459792082,0.0000385756453876372,0.00118614247856621,0.0062935828565981,0.0155099108792665,0.000474182924508876,0.00122149490709478,0.00327257119748526,0.0000128226760029552,0.00783599627719443,0,0.0000458218283606804,0.0000355622024150358,0.0037697550129145,0.113275160672581,0,0,0,0.0120470826124131,0.026497364171707,0.000244254345483262,0.000437614434220331,0.000000304609033453802,0.0000000279769776549757,0.0000289389491297686,0.000248056447822082,0.0000675146773963868,0,0.000515968656005522,0.000117015280723768,0.00171752637572191,0.0542577124440228,0.000979579297914651,0,0,0,0,0,0,0,0,0,0,0,0.00646287437724566,0.0000359031393251323,0.0000000248382275737867,1.24595760347943,1.46365359500058,0,0.445649711468712,0,0,0,0,0,0.00900373519444632,0.0000242167664802996,0.0111796862246442,0.0887917023852337,0.00000512663999547844,0.0108916095168282,1.93239942076516,0,0,0,0,0,0,0,0,0,0,0,0,0,NA,NA,NA,NA
"96","Anemones",1,0.998147498787581,0,0,0,0,0,0.000316655502151678,0.0000684859443576177,0.000171052822578059,0.000000834947433757555,0.0002367120985346,0.00000595040704812662,0.0000220315846435838,0.0000145721957778441,0,0,0,0,0,0.000820309280237875,0,0,0,0,0,0,0,0,0,0,0,0,0,0,0,0,0,0,0,0,0,0,0,0.000195896429654497,0,0,0,0,0,0,0,0,0,0,0,0,0,0,0,0,0,0,0,0,0,0,0,0,0,0,0,0,0,0,0,0,0,0,0,0,0,0,0,0,0,0,0,0,0,0,0,0,0,0,0,0,0,0,0,0,0,0,0,0,0,0,0,0,0,0,0,0,0,0,0,0,0,0,0,0,0,0,0,0,0,0,0,0,0,0,NA,NA,NA,NA
"97","Corals",0.0460517,0.0413332680366327,0,0,0,0,0,0.00132722553085072,0,0.0000156830981478723,0.0000000192667053413665,0.000049727366486067,0.000592046588434852,0.00185590392541781,0.0000572028481585172,0,0,0,0,0,0.000820623339172534,0,0,0,0,0,0,0,0,0,0,0,0,0,0,0,0,0,0,0,0,0,0,0,0,0,0,0,0,0,0,0,0,0,0,0,0,0,0,0,0,0,0,0,0,0,0,0,0,0,0,0,0,0,0,0,0,0,0,0,0,0,0,0,0,0,0,0,0,0,0,0,0,0,0,0,0,0,0,0,0,0,0,0,0,0,0,0,0,0,0,0,0,0,0,0,0,0,0,0,0,0,0,0,0,0,0,0,0,0,0,NA,NA,NA,NA
"98","Hydroids",1,0.2,0,0,0,0,0,0,0,0,0,0,0,0,0,0,0,0,0,0,0.000737175410700547,0,0,0,0,0,0,0,0,0,0,0,0,0,0,0,0,0,0,0,0,0,0,0,0.000176141886286579,0,0,0,0,0,0,0,0,0,0,0,0,0,0,0,0,0,0,0,0,0,0,0,0,0.0331500963352019,0,0,0,0,0,0,0,0,0,0,0,0,0,0,0.000231677850946373,0.0000109228840859809,0.576676712982799,0,0,0,0,0,0,0,0,0,0,0,0,0.180653392439335,0.00836318272091528,0.000000697489651951332,0,0,0,0,0,0,0,0,0,0,0,0,0,0,0,0,0,0,0,0,0,0,0,0,0,0,0,0,0,NA,NA,NA,NA
"99","Urochordata",3.58,3.54653040976427,0,0,0,0,0,0.0000181421568627451,0.000000524509803921569,0.0000020171568627451,0.000000258986928104575,0.00000472998366013072,0.0000000910947712418301,0.00000169076797385621,0.0000000943627450980392,0,0,0,0,0,0.000820309939895289,0,0,0,0,0,0,0,0,0,0,0,0,0,0,0,0,0,0,0,0,0,0,0,0,0,0,0,0.0000137041732715686,0,0,0,0,0,0.0000086045575,0,0,0,0.00881407690222386,0.000844057868688726,0.0000576076114166667,0,0,0,0,0,0,0.013414167991034,0.00156741748396413,0,0,0,0,0,0,0,0,0,0,0,0,0.00752512030082443,0,0,0,0,0,0,0,0,0,0,0,0,0,0,0,0,0,0,0.000376974387254902,0,0,0,0,0,0,0,0,0,0,0,0,0,0,0,0,0,0,0,0,0,0,0,0,0,0,0,0,0,0,NA,NA,NA,NA
"100","Sea Pens",0.09210341,0.0736082072695148,0,0,0,0,0,0.000876793814207809,0,0.00543859712989727,0,0.00557838904380875,0,0.0000475074082433544,0.000861504073623741,0,0,0,0,0,0.000820039593236481,0,0,0,0,0,0,0,0,0,0,0,0,0,0,0,0,0,0,0,0,0,0,0,0,0,0,0,0,0,0,0,0,0,0,0,0,0,0,0,0,0,0,0,0,0,0,0,0.00487237166743722,0,0,0,0,0,0,0,0,0,0,0,0,0,0,0,0,0,0,0,0,0,0,0,0,0,0,0,0,0,0,0,0,0,0,0,0,0,0,0,0,0,0,0,0,0,0,0,0,0,0,0,0,0,0,0,0,0,0,0,0,0,0,NA,NA,NA,NA
"101","Sponges",1,0.99735438269797,0,0,0,0,0,0.0000708893093485294,0,0.000000908825373436997,0.0000306526240588495,0.0000307428554418826,0.000000544178959529829,0.0000603396792971998,0.00000218880870388665,0,0,0,0,0,0.000820308893130148,0,0,0,0,0,0,0,0,0,0,0,0,0,0,0,0,0,0,0,0,0,0,0,0,0,0,0,0.000943002346499674,0,0,0,0.0000224004365487333,0,0.0000667133242357774,0,0,0,0,0,0.00000559354761891473,0,0,0,0,0,0,0,0.000102635852793545,0,0,0,0,0,0,0,0,0,0,0,0,0,0,0.000488696620020158,0,0,0,0,0,0,0,0,0,0,0,0,0,0,0,0,0,0,0,0,0,0,0,0,0,0,0,0,0,0,0,0,0,0,0,0,0,0,0,0,0,0,0,0,0,0,0,NA,NA,NA,NA
"102","Bivalves",1.3,0.26,0,0,0,0,0.0000191309885337361,0,0,0,0,0,0,0,0,0,0,0,0,0,0.00079166616000956,0,0,0,0,0,0,0,0,0,0,0,0,0,0.000145940705810335,0.00000927188341082241,0,0.00000192140447552394,0.0000149252835394436,0,0.0000213176604573109,0,0,0,0.000189101208993903,0,0.000335161224054405,0,0.000503483663011903,0,0,0,0.000131753811134507,0,0.000210063506731587,0.0136335186460867,0,0.00594432728415929,0.00134557572642492,0.00534202226189746,0.000309915429172165,0.000643225894898796,0.0000162418097926717,0,0.0000000932304710693178,0,0.0000626155964455788,0,0.00000120325477621574,0.00763366130302723,0,0,0,0,0,0,0,0,0,0,0.0000000659056826970993,0,0,0.0000173797168990283,0.0000179473234019227,0.00000476918650044529,0,0,0.0777945597113549,0,0,0,0,0,0,0,0,0,0,0.0407608699455585,0.000226438440119065,0.120317145946476,0.174625829068365,0.205136773339727,0.0358433515288781,0,0,0.106634347982504,0.241314383967217,0,0,0,0,0,0,0,0,0,0,0,0,0,0,0,0,0,0,0,0,0,0,NA,NA,NA,NA
"103","Polychaetes",2.97,0.594,0,0,0,0,0,0,0,0,0,0,0,0,0,0,0,0,0,0,0.000784344306372605,0,0,0,0,0,0,0,0,0.0000213079949448818,0.000520473856297809,0,0,0,0.000144590948286032,0.00000918613298447653,0,0.00000190363773153467,0.0000147872404169659,0,0.000021120490569502,0,0,0,0.000187352244153444,0.00308545469811822,0.02804436440889,0.00417651490118793,0.0458171090095568,0,0.000311777614847328,0.000154878329057707,0.0044843013091531,0,0.000543818116884933,0.0367635183174765,0.00611571177461061,0.00393811210249628,0.0561483209117954,0.0481448383500943,0.00407227755534864,0.0462399142038277,0.0783732600557981,0.000252562837624,0.000142251870671775,0,0,0.000274946294099966,0.00220650894381113,0.120838538365974,0.00000000388759943634081,0.0000000000391396055454634,0,0,0,0,0.000000162526061471817,0,0.0000000000468813045702254,0.00000789094014935174,0.000157224422818755,0,0,0.0000479119206137199,0.000373785639269511,0.00463860508887094,0.0104184357966041,0,0,0,0,0,0,0,0,0,0,0,0,0.23216606689673,0.000658035589420937,0.419573782686629,0,0,0.00274712037013167,0,0,0.371858396429271,0.841518530896723,0,0,0,0,0,0,0,0,0,0,0,0,0,0,0,0,0,0,0,0,0,0,NA,NA,NA,NA
"104","Misc. worms ",2.23,0.446,0,0,0,0,0,0,0,0,0,0,0,0,0,0,0,0,0,0,0.000781209044852392,0,0,0,0,0,0,0,0,0,0,0,0,0,0.000144012991971605,0.00000914940710857968,0,0.00000189602325009116,0.0000147281313519104,0,0.0000210360684018812,0,0,0,0.000822682921777401,0,0.000393732330341749,0.000137159321115711,0.00290715921071981,0,0,0,0.00140642369072756,0,0.0000193914189356445,0,0,0.00313982059740377,0.00315563385379189,0.00457390046863069,0.00090115295463768,0.0237621336605563,0.0114443012711906,0,0.00157847672695285,0,0,0,0.0000469731717500266,0.0125715373015839,0,0,0,0,0,0,0,0,0,0,0,0,0,0,0,0.000853486614276895,0,0,0,0,0,0,0,0,0,0,0,0,0,0,0.0000920810950643135,0.440341540044419,0,0,0.0014415511259304,0,0,0.390265309003256,0.883173521550001,0,0,0,0,0,0,0,0,0,0,0,0,0,0,0,0,0,0,0,0,0,0,NA,NA,NA,NA
"105","Scyphozoid Jellies",0.88,0.454913104162229,0,0,0,0,0,0.000135928181818182,0.000298585454545455,0,0.00000269363636363636,0.000136672727272727,0.00246693636363636,0.00000274727272727273,0.0000212145454545455,0,0,0,0,0,0,0,0,0,0,0,0,0,0,0,0,0,0,0,0,0,0,0,0,0,0,0,0,0,0.0282611987727273,0,0.000398794914,0,0,0,0,0,0,0,0,0,0,0,0,0,0.00000140715522545455,0,0,0,0,0,0,0,0.257968151711029,0,0,0,0,0,0,0,0.0000312078954545455,0,0,0,0,0.126781372243923,0,0.00800726894369195,0,0.00001213686594,0,0.000560579153852606,0,0,0,0,0,0,0,0,0,0,0,0,0,0,0,0,0,0,0,0,0,0,0,0,0,0,0,0,0,0,0,0,0,0,0,0,0,0,0,0,0,0,0,NA,NA,NA,NA
"106","Fish Larvae",5.475,1.095,0,0,0,0,0,0,0,0,0,0,0,0,0,0,0,0,0,0,0,0,0,0,0,0,0,0,0,0,0,0,0,0,0,0,0,0,0,0,0,0,0,0,0,0,0,0,0.0177065578257536,0,0,0,0,0,0,0,0,0,0,0,0.0000214035337596208,0,0,0,0,0,0,0,0,0,0,0,0,0,0,0,0,0,0,0,0,0,0,0,0,0,0,0,0,0,0,0,0,0,0,0,0,0,0,0,0,0,0,0,0,0,0,0,0,0,0,0,0,0,0,0,0,0,0,0,4.36227203861801,0,0,0,0,0,0,0,0,0,0,NA,NA,NA,NA
"107","Chaetognaths",5.475,1.095,0,0,0,0,0,0,0,0,0,0,0,0,0,0,0,0,0,0,0,0.0365867856643958,0.0474106301311108,0.000126812623165374,0.0000647910035344033,0.000335084999952365,0,0,0,0,0,0,0,0,0,0,0,0,0,0,0,0,0,0,0.00103674836653396,0.0394207368675462,0.00937567553538079,0,0.000000163669963699354,0,0,0,0.000391511446681983,0,0,0,0.0218192192869351,0,0,0.000713213522295048,0,0,0,0,0,0,0,0,0.00000104629322153982,0,0,0,0.0215388036280166,0.0918166054051723,0.0266305101861888,0.0014455013253022,0.0723694646669238,0,0.000000499549629057233,0.0000000255335305574653,0.000000697441847543106,0,0,0,0,0,0,0,0,0.572361330911978,3.43655414194057,0,0,0,0,0,0,0,0,0,0,0,0,0,0,0,0,0,0,0,0,0,0,0,0,0,0,0,0,0,0,0,0,0,0,0,0,0,0,0,0,NA,NA,NA,NA
"108","Euphausiids",5.475,1.095,0,0,0,0,0,0,0,0,0,0,0,0,0,0,0,0,0,0,0,0.032827666203198,0.0425394079826644,0.000113783254987457,0.0000581340492139682,0.000300656751008895,0,0,0,0,0,0,0.00000640581372793084,0.000848690926735125,0.000172398446876253,0.000659226460889439,0.000708075381076126,0.0000444543421655448,0.000228781593850137,0.0000142195080525671,0.00000804152956743419,0,0,0,0.00162664217028934,0.190282341840778,0.490974665057449,0.00261670223307825,0.00616745258655069,0.155728265330112,0.141694680942472,0.0154733453593287,0.0654471108235411,0.00000229563066067233,0.00040714254465929,0.0000679897604898162,0.00442094157894072,0.00199211890912152,0.0000169236214636798,0.000000221579533192787,0.0000015496654687622,0.0019434226748105,0.00824921973294661,0,0,0,0,0.00227881277032228,0.00549762577226191,0.0000181718301143377,0,0,0.0064774016580389,0.0589467825179573,0.00865844850127598,0.0320604576072466,0.00113609210093435,0.000000031174582622161,0.000000053487323576387,0.00000276851774804665,0.000000351499988523291,0.00129807478774946,0.0813929439934994,0.101788164470961,0,0.0000797533775906332,0,0,0,0.265082195253586,0.0947379935056044,0.00288102888254345,0.0112336616455204,0.0977268065513579,1.03160518864461,0.364047672269295,0.177448024056083,0.219216456676712,0.0982957567006486,0,0,0,0.239575352685651,0.281434396525734,0,0,0,0,0,0,0,0,0,0,0,0,0,0,0,0,0.00987465587274497,0,0.0215619023766093,0,0,0,0,0,0,0,0,NA,NA,NA,NA
"109","Mysids",5.475,1.095,0,0,0,0,0,0,0,0,0,0,0,0,0,0,0,0,0,0,0,0.0356314457138871,0.0461726668028765,0.000123501325433908,0.0000630991979580524,0.000326335409644975,0,0,0,0,0,0,0,0.000921177270189558,0.000187122726278301,0.000715530283459212,0.000768551371897496,0.0000482511975160696,0.000248321600944258,0,0.00000872527354928346,0,0,0,0.00100967691689746,0.214312597217448,1.17068459720467,0.457523498984788,0.00326589305515553,0,0,0.00013393739886354,0.010762051569951,0.000818729388724137,0.00000148480102175484,0,0.455260053832369,0.0242049024737578,0.000322009575127146,0,0.00000147102824082006,0,0.000160425439296349,0,0.00000961325238975134,0,0.00471975218231389,0,0.00274542689550951,0.000420764056964682,0,0,0,0.0169643250431284,0,0,0.00299982312655551,0.000270094802578574,0.00000258076234031207,0.000209964667563305,0.0039110437878291,0,0,0,0.00225260723120446,0.0316702166370737,0.0124268833163774,0.00612132064331042,0,0.790865916391183,0,0,0,0,0,0,0,0,0,0,0,0,0,0,0,0,0,0,0,0,0,0,0,0,0,0,0,0,0,0,0,0,1.08073361014361,0,0,0,0,0,0,0,0,NA,NA,NA,NA
"110","Pelagic Amphipods",2.5,0.5,0,0,0,0,0,0,0,0,0,0,0,0,0,0,0,0,0,0,0,0.0306058528196987,0.0396603031359203,0.000106082285987766,0.0000541994763203325,0.000280307865053674,0,0,0,0,0,0,0,0.000791250444761445,0.000160730272830126,0.000614609214654995,0.000660151708978204,0.0000414456326502856,0.000213297487865065,0,0.0000074972641436271,0,0,0,0.000867268548624695,0.019246644506199,0.0799464428839207,0.0000500135411392713,0.0000841555254273033,0,0.00098419319911012,0.000000577442969540539,0.0000942675094795118,0,0.0000216895621714095,0,0,0,0.0000144378257348137,0.00813392927975094,0.000000270287723134141,0,0,0,0,0,0,0.000200798360017705,0.00804852024881443,0.00169513053580541,0,0,0.000381639197868843,0.0119614819781275,0,0,0,0.00000984866179603599,0.00000000949944740245389,0,0,0,0,0.0000263119212991023,0.0000118656083358175,0.0059852031652919,0.0104986812906642,0,0,1.3931566622572,0,0.0454243022021661,0,0,0,0,0,0,0,0,0,0,0,0,0,0,0,0,0,0,0,0,0,0,0,0,0,0,0,0,0,0,0.339959927352075,0,0,0,0,0,0,0,0,NA,NA,NA,NA
"111","Gelatinous filter feeders",5.475,1.095,0,0,0,0,0,0,0,0,0,0,0,0,0,0,0,0,0,0,0,0,0,0,0,0,0,0,0,0,0,0,0,0,0,0,0,0,0,0,0,0,0,0,0.00625025049498004,0.328070535792079,1.18594027343263,0,0.00113381262931345,0,0,0,0.00000024721177502326,0,0.00000256545397739548,0,0,0,0,0,0.00000118835540071124,0,0,0,0,0,0,0,0.122697257030109,0,0,0,0,0,0,0,0.0322079282682001,0,0,0,0.00000758471968185245,0,0,0.0572210747496597,0,0.00451014366892441,0,1.60085485478212,0,0.552416654334076,0,0,0,0,0,0,0,0,0,0,0,0,0,0,0,0,0,0,0,0,0,0,0,0,0,0,0,0,0,0,0.0168805854150934,0,0.471805043661964,0,0,0,0,0,0,0,0,NA,NA,NA,NA
"112","Pteropods",5.475,1.095,0,0,0,0,0,0,0,0,0,0,0,0,0,0,0,0,0,0,0,0.0373395476888754,0.0483860981792102,0.000129421778412184,0.0000661240710366619,0.000341979338284614,0,0,0,0,0,0,0,0,0,0,0,0,0,0,0,0,0,0,0.00105807928337522,0.000291898726079579,0.0560116871902173,0,0.0000117555153585341,0,0,0.000169750583943769,0.0000200922490299755,0,0,0,0,0,0.00132030531798464,0,0.00000000656272882539336,0,0.0000301697915446019,0,0,0,0,0.02918001250708,0.000251294359217635,0,0,0,0,0.000962208580187056,0.0521586277711184,0,0,0,0,0,0.0000625283531073713,0,0,0.0297557112062148,0,0.0000125213549020156,0,0,0,0,3.35814325540734,0,0,0,0,0,0,0,0,0,0,0,0,0,0,0,0,0,0,0,0,0,0,0,0,0,0,0,0,0,0,0,0.764296924184684,0,0,0,0,0,0,0,0,NA,NA,NA,NA
"113","Copepods",6,1.2,0,0,0,0,0,0,0,0,0,0,0,0,0,0,0,0,0,0,0,0.000287688697169849,0.014911946766466,0.0019145309635565,0.00116157761313234,0.0000158090217876992,0,0,0,0,0,0,0.00000642941774520149,0.000851818230665111,0.000173033710473003,0.000661655697754798,0.00071068440871977,0.0000446181614409796,0.000229624739573716,0.0000142719174881537,0.00000807116214869852,0,0,0,0.000933655197365925,0.103489083306189,0.0483566575874316,0.00000142546029273614,0.0000157542245473659,0.0197957288856174,0.00578929506164093,0.000000227573269998078,0.0000288470710584697,0,0,0.0000078152486743653,0.000117794830029531,0,0.000000236213797563539,0.00000159859409665725,0.0000000098495500597903,0,0.000460423445934538,0,0,0,0,0.000286346609571961,0.0000000589887470487382,0,0,0,0.00000540618668513071,0.00785614496872831,0.012462866208052,0.00141415470416007,0.0000270291445788439,0,0,0.0000000669001344378983,0,0.0028030212498433,0.00831637283736047,0.0126260473849794,0,0.00000021171753616049,0.00137864575551922,0.000205860254637901,0,0.116078280786189,0.0871192014294346,0.00529867535198483,0.00114780611179718,0.00998529503430426,0.105404878467221,0.0371967891148706,0.0181308582156846,0.0223985728536152,0.010043427856822,0,0,0,0,0,0,0,0,0,0,0,0,0,0,0,0,0,0,0,0,0,0.0021282515488356,0.00063598232464977,0.0991395134539401,3.59621618511433,0.071748728438559,0.104150419628794,0.164350219121807,0.101454369179014,0,0,0,NA,NA,NA,NA
"114","Pelagic microbes",36.5,7.3,0,0,0,0,0,0,0,0,0,0,0,0,0,0,0,0,0,0,0,0,0,0,0,0,0,0,0,0,0,0,0,0,0,0,0,0,0,0,0,0,0,0,0,0,0,0,0,0,0,0,0,0,0,0,0,0,0,0,0.000000321538477592127,0,0,0,0,0,0,0,0,0.00010698097899733,0,0,0,0,0,0,0,0,0,0,0,0,0,0,0,0,0.0000479853995443524,0,0,0,0,0,0,0,0,0,0,0,0,0,0,0,0,0,0,0,0,0,0,0,0,0,0,0,0,0,0,0,0,0,0.000760037322860775,0.000681362553704768,0.106213568273653,3.85282255275458,0.0768683262713128,0.111582025375906,0.176077354137853,0.108693599474461,24.7661458859187,0,0,NA,NA,NA,NA
"115","Benthic microbes",36.5,7.3,0,0,0,0,0,0,0,0,0,0,0,0,0,0,0,0,0,0,0,0,0,0,0,0,0,0,0,0,0,0,0,0,0,0,0,0,0,0,0,0,0,0,0,0,0,0,0,0,0,0,0,0,0,0,0,0,0,0,0,0,0,0,0,0,0,0,0,0,0,0,0,0,0,0,0,0,0,0,0,0,0,0,0,0,0,0,0,0,0,0,0,0,0,0,0,0,0,0,0,0,0,0,0,0,0,0,0,5.38276905102685,14.8608676855094,0.00867913410162364,0.0000233437078335964,0.010776638124321,0.0855905993979301,0.00000494181526339756,0.0104989471077937,1.86273289346245,4.0678221017751,2.91023466397141,0,0,0,0,0,0,0,0,0,0,0,NA,NA,NA,NA
"116","Macroalgae",4,0.8,0,0,0,0,0,0,0,0,0,0,0,0,0,0,0,0,0,0,0,0,0,0,0,0,0,0,0,0,0,0,0,0,0,0,0,0,0,0,0,0,0,0,0,0,0,0,0.000000738928520727316,0,0,0,0.000000704021149461964,0,0.00000643911639812712,0,0,0,0,0,0,0,0,0,0,0,0,0,0.00000505123433460123,0,0,0,0,0,0,0,0,0,0,0,0,0,0,0,0,0,0,0,0,0,0,0,0,0,0,0,0,0,0,0,0,0,0,0,0,0,1.41714493954308,1.78284212715652,0,0,0,0,0,0,0,0,0,0,0,0,0,0,0,0,0,0,0,0,0,0,0,NA,NA,NA,NA
"117","Lg Phytoplankton",166.4806,121.766375508422,0,0,0,0,0,0,0,0,0,0,0,0,0,0,0,0,0,0,0,0,0,0,0,0,0,0,0,0,0,0,0,0,0,0,0,0,0,0,0,0,0,0,0,0,0,0,0,0,0,0,0,0,0,0,0,0,0,0,0,0,0,0,0,0,0,0,0,0,0,0,0,0,0,0,0,0,0,0,0,0,0,0,0,0,0,0,0,0,0,0,0,0,0,0,0,0,0,0,0,0,0,0,0,0,0,0,0,0,0,0,0,0,0,0,0,0,0,0,0.00209906839528129,0.00376356939110956,0.293340257915357,21.2814234508207,0.424589344288926,0.616333687578507,0.972579630180144,0.600379198662062,20.5197162843464,0,0,NA,NA,NA,NA
"118","Sm Phytoplankton",113.3781,71.7743374325628,0,0,0,0,0,0,0,0,0,0,0,0,0,0,0,0,0,0,0,0,0,0,0,0,0,0,0,0,0,0,0,0,0,0,0,0,0,0,0,0,0,0,0,0,0,0,0,0,0,0,0,0,0,0,0,0,0,0,0,0,0,0,0,0,0,0,0,0,0,0,0,0,0,0,0,0,0,0,0,0,0,0,0,0,0,0,0,0,0,0,0,0,0,0,0,0,0,0,0,0,0,0,0,0,0,0,0,0,0,0,0,0,0,0,0,0,0,0,0.000238629658340179,0.000213928064459204,0.0333479774556755,1.20967444855018,0.0241344232494552,0.0350335171595712,0.0552831783328822,0.0341266352667082,5.83188820476096,34.379821624939,0,NA,NA,NA,NA
"119","Outside Production",1,1,0,0,0,0,0,0,0,0,0,0,0,0,0,0,0,0,0,0,0,0,0,0,0,0,0,0,0,0,0,0,0,0,0,0,0,0,0,0,0,0,0,0,0,0,0,0,0,0,0,0,0,0,0,0,0,0,0,0,0,0,0,0,0,0,0,0,0,0,0,0,0,0,0,0,0,0,0,0,0,0,0,0,0,0,0,0,0,0,0,0,0,0,0,0,0,0,0,0,0,0,0,0,0,0,0,0,0,0,0,0,0,0,0,0,0,0,0,0,0,0,0,0,0,0,0,0,0,0,0,NA,NA,NA,NA
"120","Discards",NA,0.0623848185108088,NA,NA,NA,NA,NA,NA,NA,NA,NA,NA,NA,NA,NA,NA,0,0,0,0,0,0,0,0,0,0,0,0,0,0,0,0,0,0,0,0,0,0,0,0,0.00045663581604563,0,0,0,0,0,0,0,0,0,0,0,0,0,0,0,0,0,0,0,0,0,0,0,0,0,0,0,0,0,0,0,0,0,0,0,0,0,0,0,0,0,0,0,0,0,0,0,0,0,0,0,0,0,0,0,0,0,0,0.0159473226272154,0.000073826664,0.0000000614302376440158,0,0,0,0,0,0,0,0,0,0,0,0,0,0,0,0,0,0,0,0,0,0,0,0,0,0,0,0,0,NA,NA,NA,NA
"121","Offal",NA,0.610228638421173,NA,NA,NA,NA,NA,NA,NA,NA,NA,NA,NA,NA,NA,NA,0,0,0,0,0,0,0,0,0,0,0,0,0,0,0,0,0,0,0,0,0,0,0,0,0,0,0.006497082792,0,0,0,0.016145254071702,0,0.0970545932429484,0,0,0,0.0127199843561981,0,0.042600164087074,0,0,0.0001063418683574,0,0,0.000000251085344,0,0,0,0,0,0,0,0.0502840919552676,0.0013301286771153,0,0,0,0.00896871546632447,0,0,0,0,0,0,0.00001128024450729,0,0,0,0,0.0014249937126645,0,0,0,0,0,0,0,0,0,0,0,0,0,0.0139539072988135,0.000073826664,0.0000000536631961028184,0,0,0,0,0,0,0,0,0,0,0,0,0,0,0,0,0,0,0,0,0,0,0,0,0,0,0,0,0,NA,NA,NA,NA
"122","Pelagic Detritus",NA,0.206531912675099,NA,NA,NA,NA,NA,NA,NA,NA,NA,NA,NA,NA,NA,NA,0,0,0,0,0,0,0,0,0,0,0,0,0,0,0,0,0,0,0,0,0,0,0,0,0,0,0,0,0,0,0,0,0,0,0,0,0,0,0,0,0,0,0,0,0,0,0,0,0,0,0,0,0,0,0,0,0,0,0,0,0,0,0,0,0,0,0,0,0,0,0,0,0,0,0,0,0,0,0,0,0,0,0,0,0,0,0,0,0,0,0,0,0,0,0,0,0,0,0,0,0,0,0,0,0,0,0,0,0,0,0,0,0,407.517581192928,0,NA,NA,NA,NA
"123","Benthic Detritus",NA,0.549092914024881,NA,NA,NA,NA,NA,NA,NA,NA,NA,NA,NA,NA,NA,NA,0,0,0,0,0,0,0,0,0,0,0,0,0,0,0,0,0,0,0,0,0,0,0,0,0,0,0,0,0,0,0,0,0.0830766003423732,0,0,0,0,0,0,0,0,0,0,0,0,0,0,0,0.0007637356390816,0,0.00279133404,0,0,0,0,0,0,0,0,0,0,0,0,0,0,0,0,0,0,0,0,0,0,0,0,0,0,0,0,0,0,0,0,0.0996707664200963,0.0009228333,1.76523530171913,10.2481170259038,12.0386867779955,0,24.742194345,3.730743225,1.56448974778786,3.54045283581982,41.336659970825,114.123163851909,0.26660361,0.0007170665536851,0.33103424765267,2.629152,0.00015180152463924,0.3225042,57.2189930525365,31.2386018142106,22.3489768183432,0,0,0,0,0,0,0,0,0,0,800.856040892339,NA,NA,NA,NA
"124","Outside Detritus",NA,0,NA,NA,NA,NA,NA,NA,NA,NA,NA,NA,NA,NA,NA,NA,0,0,0,0,0,0,0,0,0,0,0,0,0,0,0,0,0,0,0,0,0,0,0,0,0,0,0,0,0,0,0,0,0,0,0,0,0,0,0,0,0,0,0,0,0,0,0,0,0,0,0,0,0,0,0,0,0,0,0,0,0,0,0,0,0,0,0,0,0,0,0,0,0,0,0,0,0,0,0,0,0,0,0,0,0,0,0,0,0,0,0,0,0,0,0,0,0,0,0,0,0,0,0,0,0,0,0,0,0,0,0,0,0,0,0,NA,NA,NA,NA
